model,dataset,seed,test_accuracy_pct,validation_accuracy_pct,best_epoch,d,K,vector_lr,head_lr,source
base,cifar100,42,92.10000000000001,92.10000000000001,18.0,66462,5538,0.01,0.01,/home/hzhaobi/Uni-LoRA/ViT/table5/runs/final_base_cifar100_7eedadbfbdd2/attempt1/result.json
base,cifar100,43,92.10000000000001,92.10000000000001,17.0,66462,5538,0.01,0.01,/home/hzhaobi/Uni-LoRA/ViT/table5/runs/final_base_cifar100_4d4c7b053bf0/attempt1/result.json
base,cifar100,44,91.9,91.9,19.0,66462,5538,0.01,0.01,/home/hzhaobi/Uni-LoRA/ViT/table5/runs/final_base_cifar100_cee970539e9d/attempt1/result.json
base,cifar100,45,91.78,91.78,20.0,66462,5538,0.01,0.01,/home/hzhaobi/Uni-LoRA/ViT/table5/runs/final_base_cifar100_1132a2108694/attempt1/result.json
base,cifar100,46,92.42,92.42,18.0,66462,5538,0.01,0.01,/home/hzhaobi/Uni-LoRA/ViT/table5/runs/final_base_cifar100_942d0fe4df9b/attempt1/result.json
large,cifar100,42,93.46,93.46,20.0,115200,28800,0.01,0.002,/home/hzhaobi/Uni-LoRA/ViT/table5/runs/final_large_cifar100_37fcb8a329de/attempt1/result.json
large,cifar100,43,93.47999999999999,93.47999999999999,14.0,115200,28800,0.01,0.002,/home/hzhaobi/Uni-LoRA/ViT/table5/runs/final_large_cifar100_1b9224c6277e/attempt1/result.json
large,cifar100,44,93.28,93.28,6.0,115200,28800,0.01,0.002,/home/hzhaobi/Uni-LoRA/ViT/table5/runs/final_large_cifar100_7545df74c864/attempt1/result.json
large,cifar100,45,93.64,93.64,15.0,115200,28800,0.01,0.002,/home/hzhaobi/Uni-LoRA/ViT/table5/runs/final_large_cifar100_0d9e75da27e4/attempt1/result.json
large,cifar100,46,93.44,93.44,13.0,115200,28800,0.01,0.002,/home/hzhaobi/Uni-LoRA/ViT/table5/runs/final_large_cifar100_67c9dcba4826/attempt1/result.json
base,dtd,42,80.44444444444444,80.44444444444444,10.0,66462,5538,0.01,0.01,/home/hzhaobi/Uni-LoRA/ViT/table5/runs/final_base_dtd_ddf29cbe2069/attempt1/result.json
base,dtd,43,80.44444444444444,80.44444444444444,9.0,66462,5538,0.01,0.01,/home/hzhaobi/Uni-LoRA/ViT/table5/runs/final_base_dtd_62efa7e36a71/attempt1/result.json
base,dtd,44,80.88888888888889,80.88888888888889,11.0,66462,5538,0.01,0.01,/home/hzhaobi/Uni-LoRA/ViT/table5/runs/final_base_dtd_70bcddcc4c30/attempt1/result.json
base,dtd,45,81.55555555555556,81.55555555555556,16.0,66462,5538,0.01,0.01,/home/hzhaobi/Uni-LoRA/ViT/table5/runs/final_base_dtd_8675edebcdad/attempt1/result.json
base,dtd,46,80.66666666666666,80.66666666666666,8.0,66462,5538,0.01,0.01,/home/hzhaobi/Uni-LoRA/ViT/table5/runs/final_base_dtd_f8fdf77da2bd/attempt1/result.json
large,dtd,42,81.11111111111111,81.11111111111111,8.0,128000,16000,0.01,0.01,/home/hzhaobi/Uni-LoRA/ViT/table5/runs/final_large_dtd_7d701e3d072a/attempt1/result.json
large,dtd,43,81.11111111111111,81.11111111111111,14.0,128000,16000,0.01,0.01,/home/hzhaobi/Uni-LoRA/ViT/table5/runs/final_large_dtd_ef87c10681d9/attempt1/result.json
large,dtd,44,80.44444444444444,80.44444444444444,12.0,128000,16000,0.01,0.01,/home/hzhaobi/Uni-LoRA/ViT/table5/runs/final_large_dtd_2c96600308fb/attempt1/result.json
large,dtd,45,80.88888888888889,80.88888888888889,5.0,128000,16000,0.01,0.01,/home/hzhaobi/Uni-LoRA/ViT/table5/runs/final_large_dtd_68d77153c49e/attempt1/result.json
large,dtd,46,80.44444444444444,80.44444444444444,12.0,128000,16000,0.01,0.01,/home/hzhaobi/Uni-LoRA/ViT/table5/runs/final_large_dtd_b03747f66331/attempt1/result.json
base,cifar10,42,98.88,98.88,15.0,57600,14400,0.01,0.01,/home/hzhaobi/Uni-LoRA/ViT/table5/runs/final_base_cifar10_2e76439df51b/attempt1/result.json
base,cifar10,43,99.0,99.0,13.0,57600,14400,0.01,0.01,/home/hzhaobi/Uni-LoRA/ViT/table5/runs/final_base_cifar10_dc9538ea520f/attempt1/result.json
base,cifar10,44,98.83999999999999,98.83999999999999,12.0,57600,14400,0.01,0.01,/home/hzhaobi/Uni-LoRA/ViT/table5/runs/final_base_cifar10_1622452d54a0/attempt1/result.json
base,cifar10,45,98.96000000000001,98.96000000000001,13.0,57600,14400,0.01,0.01,/home/hzhaobi/Uni-LoRA/ViT/table5/runs/final_base_cifar10_d949c12a2488/attempt1/result.json
base,cifar10,46,98.88,98.88,20.0,57600,14400,0.01,0.01,/home/hzhaobi/Uni-LoRA/ViT/table5/runs/final_base_cifar10_5e5752c07029/attempt1/result.json
large,cifar10,42,99.42,99.42,8.0,96000,48000,0.01,0.01,/home/hzhaobi/Uni-LoRA/ViT/table5/runs/final_large_cifar10_ea7843b063db/attempt1/result.json
large,cifar10,43,99.5,99.5,16.0,96000,48000,0.01,0.01,/home/hzhaobi/Uni-LoRA/ViT/table5/runs/final_large_cifar10_1e0b25ba79ff/attempt1/result.json
large,cifar10,44,99.56,99.56,17.0,96000,48000,0.01,0.01,/home/hzhaobi/Uni-LoRA/ViT/table5/runs/final_large_cifar10_0f4d2b3acd7e/attempt1/result.json
large,cifar10,45,99.5,99.5,7.0,96000,48000,0.01,0.01,/home/hzhaobi/Uni-LoRA/ViT/table5/runs/final_large_cifar10_d0f98d2e769a/attempt1/result.json
large,cifar10,46,99.44,99.44,19.0,96000,48000,0.01,0.01,/home/hzhaobi/Uni-LoRA/ViT/table5/runs/final_large_cifar10_68ba80705f5c/attempt1/result.json
base,oxfordpets,42,95.1086956521739,95.1086956521739,15.0,64000,8000,0.01,0.01,/home/hzhaobi/Uni-LoRA/ViT/table5/runs/final_base_oxfordpets_5352aae6d697/attempt1/result.json
base,oxfordpets,43,95.65217391304348,95.65217391304348,8.0,64000,8000,0.01,0.01,/home/hzhaobi/Uni-LoRA/ViT/table5/runs/final_base_oxfordpets_4afa0c404bee/attempt1/result.json
base,oxfordpets,44,95.65217391304348,95.65217391304348,14.0,64000,8000,0.01,0.01,/home/hzhaobi/Uni-LoRA/ViT/table5/runs/final_base_oxfordpets_31578ee668b6/attempt1/result.json
base,oxfordpets,45,95.38043478260869,95.38043478260869,18.0,64000,8000,0.01,0.01,/home/hzhaobi/Uni-LoRA/ViT/table5/runs/final_base_oxfordpets_4e6a75fb6297/attempt1/result.json
base,oxfordpets,46,95.1086956521739,95.1086956521739,11.0,64000,8000,0.01,0.01,/home/hzhaobi/Uni-LoRA/ViT/table5/runs/final_base_oxfordpets_d7038987be06/attempt1/result.json
large,oxfordpets,42,96.73913043478261,96.73913043478261,20.0,128000,16000,0.01,0.002,/home/hzhaobi/Uni-LoRA/ViT/table5/runs/final_large_oxfordpets_9f4ce6dca0d4/attempt1/result.json
large,oxfordpets,43,97.01086956521739,97.01086956521739,10.0,128000,16000,0.01,0.002,/home/hzhaobi/Uni-LoRA/ViT/table5/runs/final_large_oxfordpets_67576ddbbf81/attempt1/result.json
large,oxfordpets,44,96.46739130434783,96.46739130434783,12.0,128000,16000,0.01,0.002,/home/hzhaobi/Uni-LoRA/ViT/table5/runs/final_large_oxfordpets_1aa1f01c9226/attempt1/result.json
large,oxfordpets,45,97.28260869565217,97.28260869565217,16.0,128000,16000,0.01,0.002,/home/hzhaobi/Uni-LoRA/ViT/table5/runs/final_large_oxfordpets_be427414c6b3/attempt1/result.json
large,oxfordpets,46,96.73913043478261,96.73913043478261,6.0,128000,16000,0.01,0.002,/home/hzhaobi/Uni-LoRA/ViT/table5/runs/final_large_oxfordpets_9201eb39edd5/attempt1/result.json
base,stanfordcars,42,76.31901840490798,76.31901840490798,19.0,57600,14400,0.01,0.01,/home/hzhaobi/Uni-LoRA/ViT/table5/runs/final_base_stanfordcars_74258a1b72a3/attempt1/result.json
base,stanfordcars,43,77.30061349693251,77.30061349693251,18.0,57600,14400,0.01,0.01,/home/hzhaobi/Uni-LoRA/ViT/table5/runs/final_base_stanfordcars_0e7217b8fe71/attempt1/result.json
base,stanfordcars,44,77.66871165644172,77.66871165644172,14.0,57600,14400,0.01,0.01,/home/hzhaobi/Uni-LoRA/ViT/table5/runs/final_base_stanfordcars_99a04e5ee34d/attempt1/result.json
base,stanfordcars,45,79.50920245398773,79.50920245398773,20.0,57600,14400,0.01,0.01,/home/hzhaobi/Uni-LoRA/ViT/table5/runs/final_base_stanfordcars_9e6c63610971/attempt1/result.json
base,stanfordcars,46,77.54601226993864,77.54601226993864,19.0,57600,14400,0.01,0.01,/home/hzhaobi/Uni-LoRA/ViT/table5/runs/final_base_stanfordcars_d453172cf8ca/attempt1/result.json
large,stanfordcars,42,83.8036809815951,83.8036809815951,19.0,132923,11077,0.01,0.01,/home/hzhaobi/Uni-LoRA/ViT/table5/runs/final_large_stanfordcars_52f8ec5cab74/attempt1/result.json
large,stanfordcars,43,83.92638036809817,83.92638036809817,16.0,132923,11077,0.01,0.01,/home/hzhaobi/Uni-LoRA/ViT/table5/runs/final_large_stanfordcars_220a7e65c03c/attempt1/result.json
large,stanfordcars,44,83.31288343558282,83.31288343558282,17.0,132923,11077,0.01,0.01,/home/hzhaobi/Uni-LoRA/ViT/table5/runs/final_large_stanfordcars_fd35c63d8819/attempt1/result.json
large,stanfordcars,45,83.55828220858895,83.55828220858895,16.0,132923,11077,0.01,0.01,/home/hzhaobi/Uni-LoRA/ViT/table5/runs/final_large_stanfordcars_a8452b71e1e1/attempt1/result.json
large,stanfordcars,46,84.29447852760737,84.29447852760737,19.0,132923,11077,0.01,0.01,/home/hzhaobi/Uni-LoRA/ViT/table5/runs/final_large_stanfordcars_6a0f17d913e3/attempt1/result.json
base,eurosat,42,98.9074074074074,98.9074074074074,19.0,57600,14400,0.01,0.01,/home/hzhaobi/Uni-LoRA/ViT/table5/runs/final_base_eurosat_59e40e8aeaed/attempt1/result.json
base,eurosat,43,98.85185185185185,98.85185185185185,9.0,57600,14400,0.01,0.01,/home/hzhaobi/Uni-LoRA/ViT/table5/runs/final_base_eurosat_b29039a6aa6d/attempt1/result.json
base,eurosat,44,98.87037037037038,98.87037037037038,17.0,57600,14400,0.01,0.01,/home/hzhaobi/Uni-LoRA/ViT/table5/runs/final_base_eurosat_5d6e8b5baeed/attempt1/result.json
base,eurosat,45,98.81481481481481,98.81481481481481,19.0,57600,14400,0.01,0.01,/home/hzhaobi/Uni-LoRA/ViT/table5/runs/final_base_eurosat_5d30b4b43551/attempt1/result.json
base,eurosat,46,98.77777777777777,98.77777777777777,19.0,57600,14400,0.01,0.01,/home/hzhaobi/Uni-LoRA/ViT/table5/runs/final_base_eurosat_76514abed3e8/attempt1/result.json
large,eurosat,42,98.83333333333333,98.83333333333333,20.0,128000,16000,0.01,0.01,/home/hzhaobi/Uni-LoRA/ViT/table5/runs/final_large_eurosat_ae8170fed274/attempt1/result.json
large,eurosat,43,98.92592592592592,98.92592592592592,14.0,128000,16000,0.01,0.01,/home/hzhaobi/Uni-LoRA/ViT/table5/runs/final_large_eurosat_e5458ba4ebb7/attempt1/result.json
large,eurosat,44,98.88888888888889,98.88888888888889,16.0,128000,16000,0.01,0.01,/home/hzhaobi/Uni-LoRA/ViT/table5/runs/final_large_eurosat_9c903ae56732/attempt1/result.json
large,eurosat,45,98.98148148148148,98.98148148148148,20.0,128000,16000,0.01,0.01,/home/hzhaobi/Uni-LoRA/ViT/table5/runs/final_large_eurosat_0f24cd576fd1/attempt1/result.json
large,eurosat,46,98.94444444444444,98.94444444444444,14.0,128000,16000,0.01,0.01,/home/hzhaobi/Uni-LoRA/ViT/table5/runs/final_large_eurosat_ad16252bc45c/attempt1/result.json
base,resisc45,42,95.28571428571428,95.28571428571428,19.0,66462,5538,0.01,0.01,/home/hzhaobi/Uni-LoRA/ViT/table5/runs/final_base_resisc45_958100e21c6f/attempt1/result.json
base,resisc45,43,95.26984126984127,95.26984126984127,16.0,66462,5538,0.01,0.01,/home/hzhaobi/Uni-LoRA/ViT/table5/runs/final_base_resisc45_9fbeb46d9726/attempt1/result.json
base,resisc45,44,95.38095238095238,95.38095238095238,20.0,66462,5538,0.01,0.01,/home/hzhaobi/Uni-LoRA/ViT/table5/runs/final_base_resisc45_4e5bab15e0c6/attempt1/result.json
base,resisc45,45,95.53968253968253,95.53968253968253,19.0,66462,5538,0.01,0.01,/home/hzhaobi/Uni-LoRA/ViT/table5/runs/final_base_resisc45_2aad9b319a44/attempt1/result.json
base,resisc45,46,95.3968253968254,95.3968253968254,20.0,66462,5538,0.01,0.01,/home/hzhaobi/Uni-LoRA/ViT/table5/runs/final_base_resisc45_d46386b9b570/attempt1/result.json
large,resisc45,42,95.82539682539682,95.82539682539682,20.0,132923,11077,0.01,0.01,/home/hzhaobi/Uni-LoRA/ViT/table5/runs/final_large_resisc45_9b0b8b244bf8/attempt1/result.json
large,resisc45,43,95.80952380952381,95.80952380952381,17.0,132923,11077,0.01,0.01,/home/hzhaobi/Uni-LoRA/ViT/table5/runs/final_large_resisc45_12322f996925/attempt1/result.json
large,resisc45,44,95.9047619047619,95.9047619047619,20.0,132923,11077,0.01,0.01,/home/hzhaobi/Uni-LoRA/ViT/table5/runs/final_large_resisc45_492022a82037/attempt1/result.json
large,resisc45,45,95.77777777777777,95.77777777777777,20.0,132923,11077,0.01,0.01,/home/hzhaobi/Uni-LoRA/ViT/table5/runs/final_large_resisc45_2ac4626cd458/attempt1/result.json
large,resisc45,46,96.01587301587303,96.01587301587303,20.0,132923,11077,0.01,0.01,/home/hzhaobi/Uni-LoRA/ViT/table5/runs/final_large_resisc45_a3ed6cb5eea6/attempt1/result.json
base,fgvc,42,57.125712571257125,57.125712571257125,20.0,48000,24000,0.05,0.01,/home/hzhaobi/Uni-LoRA/ViT/table5/runs/final_base_fgvc_df8e32ed28e2/attempt1/result.json
base,fgvc,43,56.735673567356734,56.735673567356734,16.0,48000,24000,0.05,0.01,/home/hzhaobi/Uni-LoRA/ViT/table5/runs/final_base_fgvc_1f8d25e9a908/attempt1/result.json
base,fgvc,44,56.31563156315632,56.31563156315632,20.0,48000,24000,0.05,0.01,/home/hzhaobi/Uni-LoRA/ViT/table5/runs/final_base_fgvc_6d78e8e8055b/attempt1/result.json
base,fgvc,45,55.86558655865586,55.86558655865586,20.0,48000,24000,0.05,0.01,/home/hzhaobi/Uni-LoRA/ViT/table5/runs/final_base_fgvc_59cba5222659/attempt1/result.json
base,fgvc,46,55.08550855085509,55.08550855085509,18.0,48000,24000,0.05,0.01,/home/hzhaobi/Uni-LoRA/ViT/table5/runs/final_base_fgvc_defc1d5b4040/attempt1/result.json
large,fgvc,42,58.895889588958894,58.895889588958894,18.0,128000,16000,0.01,0.01,/home/hzhaobi/Uni-LoRA/ViT/table5/runs/final_large_fgvc_a02426ddb9cb/attempt1/result.json
large,fgvc,43,60.33603360336034,60.33603360336034,19.0,128000,16000,0.01,0.01,/home/hzhaobi/Uni-LoRA/ViT/table5/runs/final_large_fgvc_ef7f467b26d0/attempt1/result.json
large,fgvc,44,59.4059405940594,59.4059405940594,20.0,128000,16000,0.01,0.01,/home/hzhaobi/Uni-LoRA/ViT/table5/runs/final_large_fgvc_aa42f43cb047/attempt1/result.json
large,fgvc,45,59.43594359435943,59.43594359435943,19.0,128000,16000,0.01,0.01,/home/hzhaobi/Uni-LoRA/ViT/table5/runs/final_large_fgvc_40f4221ecd75/attempt1/result.json
large,fgvc,46,59.43594359435943,59.43594359435943,20.0,128000,16000,0.01,0.01,/home/hzhaobi/Uni-LoRA/ViT/table5/runs/final_large_fgvc_2e3817414f1e/attempt1/result.json
