profile,n,noise_std,method,target_id,seeds,mse,bias_squared,variance,residual_capture_mean,params,selection_examples,fitting_examples,total_unique_examples,charged_seconds_mean,mse_sd,mse_ci_low,mse_ci_high
concentrated,64,0.25,compressed,f343dc8618448c0c9d0e37927b8e6f50dc169343e536bdaae4bfce436cb39630,20,0.010500059151784365,0.0028228463175957036,0.0076772128341886636,,128,0,64,64,1.5592866532038898,0.0011422094266800539,0.009965488684949475,0.011034629618619255
concentrated,64,0.25,energy,f343dc8618448c0c9d0e37927b8e6f50dc169343e536bdaae4bfce436cb39630,20,0.006767207302229605,0.0007522875362474348,0.00601491976598217,0.9920641779899597,128,64,64,64,1.7272298205847618,0.0007959009641770697,0.00639471418491124,0.00713970041954797
concentrated,64,0.25,gradient,f343dc8618448c0c9d0e37927b8e6f50dc169343e536bdaae4bfce436cb39630,20,0.015568389340449722,0.001496669021033696,0.014071720319416026,0.36281422402826136,128,64,64,64,1.7289158342406155,0.0014469366937039524,0.01489120212261868,0.016245576558280763
concentrated,64,0.25,lora,f343dc8618448c0c9d0e37927b8e6f50dc169343e536bdaae4bfce436cb39630,20,0.08518285164317824,0.011858748666347134,0.07332410297683112,,1024,0,64,64,1.5035243087040726,0.005038001194296552,0.08282499450468674,0.08754070878166974
concentrated,64,0.25,random,f343dc8618448c0c9d0e37927b8e6f50dc169343e536bdaae4bfce436cb39630,20,0.0091104896132022,0.002899641971281475,0.006210847641920723,0.0026293419902685853,128,64,64,64,1.7291567424807,0.0008545668382958786,0.008710540021631016,0.009510439204773385
concentrated,64,0.25,snip,f343dc8618448c0c9d0e37927b8e6f50dc169343e536bdaae4bfce436cb39630,20,0.015672873203778956,0.0018321967022267896,0.013840676501552168,0.12688110967901595,128,64,64,64,1.7270619743387214,0.0016097883680981494,0.014919469056221825,0.016426277351336085
concentrated,64,0.25,snip_independent,f343dc8618448c0c9d0e37927b8e6f50dc169343e536bdaae4bfce436cb39630,20,0.015723825299138385,0.002392549675783546,0.013331275623354838,0.10267651926424151,128,32,32,64,1.578220733103808,0.0017009301893919798,0.014927765466188393,0.016519885132088376
concentrated,64,0.25,snip_same_half,f343dc8618448c0c9d0e37927b8e6f50dc169343e536bdaae4bfce436cb39630,20,0.021237542756032346,0.002331770777420224,0.018905771978612117,0.10631583056151613,128,32,32,32,1.5770073330495507,0.0018422802836585714,0.020375329042616776,0.022099756469447916
concentrated,64,0.5,compressed,f343dc8618448c0c9d0e37927b8e6f50dc169343e536bdaae4bfce436cb39630,20,0.02310875505721465,0.0035242665908088323,0.01958448846640582,,128,0,64,64,1.561033833050169,0.0024879382901461826,0.02194436409514252,0.024273146019286783
concentrated,64,0.5,energy,f343dc8618448c0c9d0e37927b8e6f50dc169343e536bdaae4bfce436cb39630,20,0.015948996026375693,0.0014867579568314695,0.014462238069544215,0.9920641779899597,128,64,64,64,1.577510689853807,0.0015603649918603886,0.015218722730911747,0.01667926932183964
concentrated,64,0.5,gradient,f343dc8618448c0c9d0e37927b8e6f50dc169343e536bdaae4bfce436cb39630,20,0.04292260276371953,0.003566808123298973,0.039355794640420556,0.07113903978879535,128,64,64,64,1.579531716744532,0.002948655071791512,0.04154258971055797,0.04430261581688109
concentrated,64,0.5,lora,f343dc8618448c0c9d0e37927b8e6f50dc169343e536bdaae4bfce436cb39630,20,0.14584295445891446,0.020929231294729372,0.1249137231641851,,1024,0,64,64,1.506092183146393,0.007433432926362081,0.1423640007602209,0.149321908157608
concentrated,64,0.5,random,f343dc8618448c0c9d0e37927b8e6f50dc169343e536bdaae4bfce436cb39630,20,0.0181934827738404,0.003504714409439648,0.014688768364400745,0.002629341989177192,128,64,64,64,1.5797259451996069,0.001474932094139338,0.0175031933052921,0.018883772242388696
concentrated,64,0.5,snip,f343dc8618448c0c9d0e37927b8e6f50dc169343e536bdaae4bfce436cb39630,20,0.04110449729592837,0.0035032856754896435,0.03760121162043873,0.05004531519284683,128,64,64,64,1.5779453948955051,0.0037764650116710176,0.039337057265125604,0.042871937326731134
concentrated,64,0.5,snip_independent,f343dc8618448c0c9d0e37927b8e6f50dc169343e536bdaae4bfce436cb39630,20,0.030249446992702413,0.0037004313890650576,0.026549015603637365,0.009167655326018575,128,32,32,64,1.5798727104673163,0.0021310012700251047,0.02925210769823154,0.031246786287173284
concentrated,64,0.5,snip_same_half,f343dc8618448c0c9d0e37927b8e6f50dc169343e536bdaae4bfce436cb39630,20,0.04871413726514013,0.004023486524696869,0.04469065074044326,0.006077130750963988,128,32,32,32,1.5776385528966785,0.0037081927752552605,0.04697864962453844,0.05044962490574182
concentrated,64,1.0,compressed,f343dc8618448c0c9d0e37927b8e6f50dc169343e536bdaae4bfce436cb39630,20,0.03830077534374586,0.004543718889850325,0.033757056453895554,,128,0,64,64,1.5616479475516827,0.003299935374922201,0.036756358048027585,0.039845192639464136
concentrated,64,1.0,energy,f343dc8618448c0c9d0e37927b8e6f50dc169343e536bdaae4bfce436cb39630,20,0.02691730641304927,0.002657235806081109,0.02426007060696816,0.9920641779899597,128,64,64,64,1.577838788452209,0.002497126765822968,0.025748615111987366,0.028085997714111174
concentrated,64,1.0,gradient,f343dc8618448c0c9d0e37927b8e6f50dc169343e536bdaae4bfce436cb39630,20,0.08195098708388425,0.006130192234518437,0.0758207948493658,0.003489518440619577,128,64,64,64,1.579749689711025,0.004234618493970398,0.07996912462301392,0.08393284954475458
concentrated,64,1.0,lora,f343dc8618448c0c9d0e37927b8e6f50dc169343e536bdaae4bfce436cb39630,20,0.2201596176975363,0.028525514414204558,0.1916341032833318,,1024,0,64,64,1.5072689919586992,0.01937076722632449,0.21109381957220982,0.2292254158228628
concentrated,64,1.0,random,f343dc8618448c0c9d0e37927b8e6f50dc169343e536bdaae4bfce436cb39630,20,0.029009080721676093,0.004260046860418271,0.024749033861257822,0.002629341988995293,128,64,64,64,1.5789733057143167,0.0018545435265576173,0.028141127633914343,0.029877033809437844
concentrated,64,1.0,snip,f343dc8618448c0c9d0e37927b8e6f50dc169343e536bdaae4bfce436cb39630,20,0.07651099591377178,0.0056926233494384686,0.0708183725643333,0.0033267902690568008,128,64,64,64,1.5779866621625842,0.005614089090060338,0.0738835213406987,0.07913847048684486
concentrated,64,1.0,snip_independent,f343dc8618448c0c9d0e37927b8e6f50dc169343e536bdaae4bfce436cb39630,20,0.045344098338212235,0.00465821046043003,0.04068588787778221,0.005374840419426619,128,32,32,64,1.5792325252434238,0.00405742425978543,0.043445165331675015,0.047243031344749456
concentrated,64,1.0,snip_same_half,f343dc8618448c0c9d0e37927b8e6f50dc169343e536bdaae4bfce436cb39630,20,0.08204726595397013,0.00607781976051203,0.0759694461934581,0.005470211680221837,128,32,32,32,1.5781338143511676,0.00488357584569104,0.07976168210334243,0.08433284980459783
concentrated,256,0.25,compressed,f343dc8618448c0c9d0e37927b8e6f50dc169343e536bdaae4bfce436cb39630,20,0.0046029195872098775,0.0025324114988781654,0.002070508088331713,,128,0,256,256,1.565570781743736,0.00028923362512059273,0.004467554083832385,0.00473828509058737
concentrated,256,0.25,energy,f343dc8618448c0c9d0e37927b8e6f50dc169343e536bdaae4bfce436cb39630,20,0.0019503174955666663,0.0003297829299813474,0.0016205345655853187,0.9920641779899597,128,256,256,256,1.5818517508509102,0.0002229742796191132,0.0018459623204438202,0.0020546726706895126
concentrated,256,0.25,gradient,f343dc8618448c0c9d0e37927b8e6f50dc169343e536bdaae4bfce436cb39630,20,0.004733261419438051,0.0004888898240804459,0.0042443715953576055,0.5391664445400238,128,256,256,256,1.5812135906511684,0.0004151719284786484,0.004538954975768907,0.004927567863107195
concentrated,256,0.25,lora,f343dc8618448c0c9d0e37927b8e6f50dc169343e536bdaae4bfce436cb39630,20,0.03722908218459957,0.005197689705175703,0.032031392479423874,,1024,0,256,256,1.512547114957124,0.0019148082948463134,0.03633292431707915,0.03812524005211999
concentrated,256,0.25,random,f343dc8618448c0c9d0e37927b8e6f50dc169343e536bdaae4bfce436cb39630,20,0.004447955036542662,0.0025780805480257857,0.0018698744885168761,0.0026293419941794127,128,256,256,256,1.5804628835554468,0.0002131905489624335,0.004348178788315674,0.00454773128476965
concentrated,256,0.25,snip,f343dc8618448c0c9d0e37927b8e6f50dc169343e536bdaae4bfce436cb39630,20,0.004869356073374543,0.0006918580729095757,0.004177498000464965,0.4074400386540219,128,256,256,256,1.5806184757035227,0.0005140573907469412,0.004628769808778345,0.00510994233797074
concentrated,256,0.25,snip_independent,f343dc8618448c0c9d0e37927b8e6f50dc169343e536bdaae4bfce436cb39630,20,0.005286174833987542,0.0010831667004911985,0.0042030081334963445,0.347899145195106,128,128,128,256,1.5803472875530133,0.0005693517128821188,0.005019710030038858,0.005552639637936225
concentrated,256,0.25,snip_same_half,f343dc8618448c0c9d0e37927b8e6f50dc169343e536bdaae4bfce436cb39630,20,0.009393491950959627,0.0010444758671047261,0.0083490160838549,0.265401146149361,128,128,128,128,1.5815071024553617,0.0006566166170795336,0.009086185914671701,0.009700797987247553
concentrated,256,0.5,compressed,f343dc8618448c0c9d0e37927b8e6f50dc169343e536bdaae4bfce436cb39630,20,0.00978321125104921,0.0027927890926521017,0.006990422158397106,,128,0,256,256,1.5664354579494102,0.000776061400071037,0.009420003335549558,0.01014641916654886
concentrated,256,0.5,energy,f343dc8618448c0c9d0e37927b8e6f50dc169343e536bdaae4bfce436cb39630,20,0.005692839267877505,0.0006094931124273936,0.005083346155450112,0.9920641779899597,128,256,256,256,1.582924213912338,0.0006483353402702728,0.005389408988439863,0.005996269547315147
concentrated,256,0.5,gradient,f343dc8618448c0c9d0e37927b8e6f50dc169343e536bdaae4bfce436cb39630,20,0.018675965478341883,0.0014039543518942006,0.017272011126447682,0.3823870960124623,128,256,256,256,1.582313242793316,0.001471857322978046,0.017987115046993515,0.01936481590969025
concentrated,256,0.5,lora,f343dc8618448c0c9d0e37927b8e6f50dc169343e536bdaae4bfce436cb39630,20,0.08714310414875459,0.012040732225254897,0.07510237192349974,,1024,0,256,256,1.5138885293505155,0.0038862264422663165,0.08532429418716396,0.08896191411034522
concentrated,256,0.5,random,f343dc8618448c0c9d0e37927b8e6f50dc169343e536bdaae4bfce436cb39630,20,0.008447633136700406,0.002841717649437381,0.005605915487263024,0.00262934198954099,128,256,256,256,1.5815197534568142,0.0005899721442513113,0.008171517673804347,0.008723748599596464
concentrated,256,0.5,snip,f343dc8618448c0c9d0e37927b8e6f50dc169343e536bdaae4bfce436cb39630,20,0.016740465870074828,0.0017181515711190516,0.015022314298955777,0.18619022232714996,128,256,256,256,1.5812469086406054,0.0014407280817622025,0.016066184372076395,0.01741474736807326
concentrated,256,0.5,snip_independent,f343dc8618448c0c9d0e37927b8e6f50dc169343e536bdaae4bfce436cb39630,20,0.014439914154647168,0.002304035647595077,0.01213587850705209,0.12215625748322054,128,128,128,256,1.5809799546550494,0.0016928013322240862,0.01364765874395948,0.015232169565334856
concentrated,256,0.5,snip_same_half,f343dc8618448c0c9d0e37927b8e6f50dc169343e536bdaae4bfce436cb39630,20,0.02992293342643878,0.0028823229455898817,0.0270406104808489,0.07499549163367192,128,128,128,128,1.5828222990530776,0.002055219790199963,0.028961060956265893,0.030884805896611665
concentrated,256,1.0,compressed,f343dc8618448c0c9d0e37927b8e6f50dc169343e536bdaae4bfce436cb39630,20,0.020888384600962387,0.0034314749209653967,0.01745690967999698,,128,0,256,256,1.5663677521952195,0.0015813169833502885,0.02014830547163798,0.021628463730286793
concentrated,256,1.0,energy,f343dc8618448c0c9d0e37927b8e6f50dc169343e536bdaae4bfce436cb39630,20,0.0127871551117732,0.0011338886227063015,0.011653266489066897,0.9920641779899597,128,256,256,256,1.5822286693000933,0.0013821483723137876,0.012140289761720519,0.013434020461825881
concentrated,256,1.0,gradient,f343dc8618448c0c9d0e37927b8e6f50dc169343e536bdaae4bfce436cb39630,20,0.049805560815742174,0.003580419222591273,0.04622514159315087,0.036487062340074775,128,256,256,256,1.5820374148519476,0.002316984642447222,0.04872117862362319,0.050889943007861156
concentrated,256,1.0,lora,f343dc8618448c0c9d0e37927b8e6f50dc169343e536bdaae4bfce436cb39630,20,0.154875587936881,0.020801217161830726,0.1340743707750503,,1024,0,256,256,1.5128645001444965,0.006840827255863301,0.151673982229307,0.158077193644455
concentrated,256,1.0,random,f343dc8618448c0c9d0e37927b8e6f50dc169343e536bdaae4bfce436cb39630,20,0.01594109859571746,0.0033624438287854297,0.01257865476693203,0.002629341988267697,128,256,256,256,1.5810936484020204,0.0012424997881015777,0.015359590794912236,0.01652260639652268
concentrated,256,1.0,snip,f343dc8618448c0c9d0e37927b8e6f50dc169343e536bdaae4bfce436cb39630,20,0.043219577246917364,0.0037384069382588826,0.039481170308658484,0.024555090256217226,128,256,256,256,1.5809485821489944,0.002980696954148348,0.04182456813120399,0.044614586362630736
concentrated,256,1.0,snip_independent,f343dc8618448c0c9d0e37927b8e6f50dc169343e536bdaae4bfce436cb39630,20,0.02950345644965669,0.00361601949843355,0.025887436951223124,0.0048569262883574995,128,128,128,256,1.5804303133510984,0.0031231151290627432,0.028041793576347354,0.030965119322966028
concentrated,256,1.0,snip_same_half,f343dc8618448c0c9d0e37927b8e6f50dc169343e536bdaae4bfce436cb39630,20,0.06556607760562312,0.005469286686779397,0.06009679091884372,0.0015140212084588712,128,128,128,128,1.5817400186497252,0.004095782476387048,0.06364919240111178,0.06748296281013447
concentrated,1024,0.25,compressed,f343dc8618448c0c9d0e37927b8e6f50dc169343e536bdaae4bfce436cb39630,20,0.0029275972385238254,0.002443331950769003,0.0004842652877548227,,128,0,1024,1024,1.5663151360931806,7.747900726010039e-05,0.0028913359469309855,0.002963858530116665
concentrated,1024,0.25,energy,f343dc8618448c0c9d0e37927b8e6f50dc169343e536bdaae4bfce436cb39630,20,0.0006058728901753626,0.00021103685194024202,0.0003948360382351205,0.9920641779899597,128,1024,1024,1024,1.5822647053108085,8.019719429492243e-05,0.0005683394478908823,0.0006434063324598429
concentrated,1024,0.25,gradient,f343dc8618448c0c9d0e37927b8e6f50dc169343e536bdaae4bfce436cb39630,20,0.0010712728513187744,0.00031610072961517723,0.0007551721217035968,0.5572908639907836,128,1024,1024,1024,1.5827859415963759,0.00011589416594309035,0.0010170327120373884,0.0011255129906001604
concentrated,1024,0.25,lora,f343dc8618448c0c9d0e37927b8e6f50dc169343e536bdaae4bfce436cb39630,20,0.007013639128028113,0.0010580961545761404,0.005955542973451973,,1024,0,1024,1024,1.5109874894085806,0.0002910766611630127,0.006877411057231216,0.007149867198825009
concentrated,1024,0.25,random,f343dc8618448c0c9d0e37927b8e6f50dc169343e536bdaae4bfce436cb39630,20,0.002962936696361506,0.002457917421355066,0.00050501927500644,0.00262934198781295,128,1024,1024,1024,1.5821130235883174,7.991327546969761e-05,0.002925536132177485,0.003000337260545527
concentrated,1024,0.25,snip,f343dc8618448c0c9d0e37927b8e6f50dc169343e536bdaae4bfce436cb39630,20,0.0014071617024853924,0.0005305366698156535,0.0008766250326697389,0.4492375016212463,128,1024,1024,1024,1.581939523658366,0.00023590816395241716,0.0012967532831635912,0.0015175701218071937
concentrated,1024,0.25,snip_independent,f343dc8618448c0c9d0e37927b8e6f50dc169343e536bdaae4bfce436cb39630,20,0.0018263020853141274,0.0006628953916888692,0.0011634066936252589,0.34750850817072204,128,512,512,1024,1.5814203276619083,0.00025058456681890007,0.0017090248980163897,0.0019435792726118651
concentrated,1024,0.25,snip_same_half,f343dc8618448c0c9d0e37927b8e6f50dc169343e536bdaae4bfce436cb39630,20,0.0024168116204465436,0.0005592186546876771,0.0018575929657588665,0.38242347044870256,128,512,512,512,1.5812815869488985,0.00035778635634502805,0.0022493624512565833,0.002584260789636504
concentrated,1024,0.5,compressed,f343dc8618448c0c9d0e37927b8e6f50dc169343e536bdaae4bfce436cb39630,20,0.004218928933901288,0.0025032160646856357,0.0017157128692156525,,128,0,1024,1024,1.567278222501045,0.0002971827260251813,0.004079843136782362,0.004358014731020214
concentrated,1024,0.5,energy,f343dc8618448c0c9d0e37927b8e6f50dc169343e536bdaae4bfce436cb39630,20,0.0015551775276239107,0.0002938229395007592,0.0012613545881231512,0.9920641779899597,128,1024,1024,1024,1.583429834697745,0.000244821539518305,0.001440597520127443,0.0016697575351203786
concentrated,1024,0.5,gradient,f343dc8618448c0c9d0e37927b8e6f50dc169343e536bdaae4bfce436cb39630,20,0.004113209322750412,0.0005635719785772263,0.0035496373441731865,0.5257566437125206,128,1024,1024,1024,1.584077178494772,0.00045126352084464837,0.0039020114939033452,0.004324407151597478
concentrated,1024,0.5,lora,f343dc8618448c0c9d0e37927b8e6f50dc169343e536bdaae4bfce436cb39630,20,0.027587490887786927,0.0036888269936035745,0.023898663894183363,,1024,0,1024,1024,1.5126881959527965,0.001119682752483666,0.027063463229004672,0.02811151854656918
concentrated,1024,0.5,random,f343dc8618448c0c9d0e37927b8e6f50dc169343e536bdaae4bfce436cb39630,20,0.003928898588072442,0.002513476713026818,0.0014154218750456248,0.0026293419892681412,128,1024,1024,1024,1.5833434579049936,0.00023016751358792762,0.003821176875823442,0.0040366203003214425
concentrated,1024,0.5,snip,f343dc8618448c0c9d0e37927b8e6f50dc169343e536bdaae4bfce436cb39630,20,0.003956710595005452,0.0010321653752358457,0.0029245452197696063,0.27776741210518596,128,1024,1024,1024,1.5829313746042317,0.0006945379555608899,0.0036316568259975243,0.004281764364013379
concentrated,1024,0.5,snip_independent,f343dc8618448c0c9d0e37927b8e6f50dc169343e536bdaae4bfce436cb39630,20,0.004913435849316454,0.0013416363873195172,0.0035717994619969364,0.2304273356462545,128,512,512,1024,1.5824029798444825,0.0006581801202418397,0.004605398071024084,0.005221473627608823
concentrated,1024,0.5,snip_same_half,f343dc8618448c0c9d0e37927b8e6f50dc169343e536bdaae4bfce436cb39630,20,0.007944837613070794,0.001296211979555346,0.006648625633515451,0.20909903459942142,128,512,512,512,1.5823539384960896,0.0007547487297948567,0.007591604334299673,0.008298070891841914
concentrated,1024,1.0,compressed,f343dc8618448c0c9d0e37927b8e6f50dc169343e536bdaae4bfce436cb39630,20,0.007618439127126915,0.0026902087042016565,0.0049282304229252595,,128,0,1024,1024,1.5541983256058303,0.0009100600098728684,0.007192517931799767,0.008044360322454062
concentrated,1024,1.0,energy,f343dc8618448c0c9d0e37927b8e6f50dc169343e536bdaae4bfce436cb39630,20,0.003707770052953785,0.0004979805162321016,0.0032097895367216842,0.9920641779899597,128,1024,1024,1024,1.5700671782455173,0.000602848915165139,0.0034256280757618864,0.003989912030145684
concentrated,1024,1.0,gradient,f343dc8618448c0c9d0e37927b8e6f50dc169343e536bdaae4bfce436cb39630,20,0.013484040731332695,0.001562117416735063,0.01192192331459763,0.2646519654033909,128,1024,1024,1024,1.5709928710508394,0.0016036634309967276,0.012733503142577447,0.014234578320087943
concentrated,1024,1.0,lora,f343dc8618448c0c9d0e37927b8e6f50dc169343e536bdaae4bfce436cb39630,20,0.0776114262348692,0.009373655143374451,0.06823777109149476,,1024,0,1024,1024,1.5002739411516814,0.0033923559896866214,0.076023754759991,0.07919909770974741
concentrated,1024,1.0,random,f343dc8618448c0c9d0e37927b8e6f50dc169343e536bdaae4bfce436cb39630,20,0.00617365342206587,0.002655903777187127,0.0035177496448787426,0.002629341987085354,128,1024,1024,1024,1.570679430005839,0.0005744348512173824,0.005904809636146458,0.006442497207985283
concentrated,1024,1.0,snip,f343dc8618448c0c9d0e37927b8e6f50dc169343e536bdaae4bfce436cb39630,20,0.01010267465775363,0.002224209670494747,0.007878464987258884,0.05441739364905516,128,1024,1024,1024,1.5696027848520315,0.001024658542792187,0.009623119698065655,0.010582229617441605
concentrated,1024,1.0,snip_independent,f343dc8618448c0c9d0e37927b8e6f50dc169343e536bdaae4bfce436cb39630,20,0.011486949348961259,0.0025315761837309964,0.008955373165230266,0.05723551927303561,128,512,512,1024,1.5700468787370483,0.0012251035959146303,0.010913583216716377,0.012060315481206141
concentrated,1024,1.0,snip_same_half,f343dc8618448c0c9d0e37927b8e6f50dc169343e536bdaae4bfce436cb39630,20,0.02100927556355161,0.0027551741202558122,0.018254101443295794,0.028195245887809507,128,512,512,512,1.570182527191355,0.002541010114735992,0.01982004622299646,0.02219850490410676
concentrated,4096,0.25,compressed,f343dc8618448c0c9d0e37927b8e6f50dc169343e536bdaae4bfce436cb39630,20,0.002571069814224614,0.0024316055388185196,0.00013946427540609423,,128,0,4096,4096,1.5467766921035946,2.1634964404094103e-05,0.002560944339201116,0.002581195289248112
concentrated,4096,0.25,energy,f343dc8618448c0c9d0e37927b8e6f50dc169343e536bdaae4bfce436cb39630,20,0.0003060033086449656,0.00019595190205056742,0.0001100514065943982,0.9920641779899597,128,4096,4096,4096,1.5657037105382188,2.1638405486326277e-05,0.0002958762231454093,0.0003161303941445219
concentrated,4096,0.25,gradient,f343dc8618448c0c9d0e37927b8e6f50dc169343e536bdaae4bfce436cb39630,20,0.0005205425136379938,0.00031867466927356335,0.00020186784436443048,0.5655553042888641,128,4096,4096,4096,1.5651715944433817,4.343552865230395e-05,0.0005002140604782508,0.0005408709667977369
concentrated,4096,0.25,lora,f343dc8618448c0c9d0e37927b8e6f50dc169343e536bdaae4bfce436cb39630,20,0.0014397916503997785,0.0003739005095801895,0.0010658911408195893,,1024,0,4096,4096,1.495814529355266,8.134167043395327e-05,0.001401722576794428,0.001477860724005129
concentrated,4096,0.25,random,f343dc8618448c0c9d0e37927b8e6f50dc169343e536bdaae4bfce436cb39630,20,0.002647573724605356,0.002457518505648017,0.00019005521895733925,0.002629341989631939,128,4096,4096,4096,1.566076845995849,4.660760467317647e-05,0.0026257606941695855,0.0026693867550411266
concentrated,4096,0.25,snip,f343dc8618448c0c9d0e37927b8e6f50dc169343e536bdaae4bfce436cb39630,20,0.0008380255426733858,0.0005734984179129344,0.0002645271247604514,0.4608002733439207,128,4096,4096,4096,1.5651501332002227,0.00013454573114168826,0.0007750562021767759,0.0009009948831699957
concentrated,4096,0.25,snip_independent,f343dc8618448c0c9d0e37927b8e6f50dc169343e536bdaae4bfce436cb39630,20,0.0009640712886859496,0.0005815044714914375,0.00038256681719451235,0.4377515450119972,128,2048,2048,4096,1.5663132162531839,0.00013704148005053848,0.000899933901745191,0.0010282086756267083
concentrated,4096,0.25,snip_same_half,f343dc8618448c0c9d0e37927b8e6f50dc169343e536bdaae4bfce436cb39630,20,0.0009939058136981614,0.0005147000304461466,0.00047920578325201497,0.39872065410017965,128,2048,2048,2048,1.5655337882984894,0.0001912823085690639,0.000904382937594581,0.0010834286898017418
concentrated,4096,0.5,compressed,f343dc8618448c0c9d0e37927b8e6f50dc169343e536bdaae4bfce436cb39630,20,0.00292191819296653,0.0024451472202388002,0.0004767709727277302,,128,0,4096,4096,1.5454777420556638,7.481809731998788e-05,0.0028869022455598487,0.002956934140373211
concentrated,4096,0.5,energy,f343dc8618448c0c9d0e37927b8e6f50dc169343e536bdaae4bfce436cb39630,20,0.0005981057143553536,0.0002544801177697192,0.0003436255965856345,0.9920641779899597,128,4096,4096,4096,1.5653011681395583,6.435128925275617e-05,0.0005679883839133689,0.0006282230447973382
concentrated,4096,0.5,gradient,f343dc8618448c0c9d0e37927b8e6f50dc169343e536bdaae4bfce436cb39630,20,0.001190016506486741,0.0005085880180243483,0.0006814284884623922,0.5289846301078797,128,4096,4096,4096,1.565220816252986,0.00012946402969213268,0.0011294254754776478,0.001250607537495834
concentrated,4096,0.5,lora,f343dc8618448c0c9d0e37927b8e6f50dc169343e536bdaae4bfce436cb39630,20,0.005070592264951073,0.0008704992187631131,0.004200093046187961,,1024,0,4096,4096,1.4948777974990661,0.0002879905656349118,0.004935808531320916,0.00520537599858123
concentrated,4096,0.5,random,f343dc8618448c0c9d0e37927b8e6f50dc169343e536bdaae4bfce436cb39630,20,0.0029098014774044303,0.002489428223222734,0.0004203732541816963,0.0026293419879948486,128,4096,4096,4096,1.565369542344706,8.493003694154358e-05,0.002870052996578013,0.0029495499582308476
concentrated,4096,0.5,snip,f343dc8618448c0c9d0e37927b8e6f50dc169343e536bdaae4bfce436cb39630,20,0.0018116949919460932,0.000960896264732992,0.000850798727213101,0.23744603088671284,128,4096,4096,4096,1.564510166598484,0.00035876286479895363,0.0016437888027317047,0.0019796011811604817
concentrated,4096,0.5,snip_independent,f343dc8618448c0c9d0e37927b8e6f50dc169343e536bdaae4bfce436cb39630,20,0.0021784015682867726,0.0009987669068382012,0.0011796346614485716,0.2548386643640697,128,2048,2048,4096,1.5652609165466855,0.00039902385076861813,0.0019916526576219114,0.002365150478951634
concentrated,4096,0.5,snip_same_half,f343dc8618448c0c9d0e37927b8e6f50dc169343e536bdaae4bfce436cb39630,20,0.0024686457371637287,0.0009488902907308497,0.0015197554464328792,0.2666338695387367,128,2048,2048,2048,1.5648127865133574,0.00038614399358772515,0.0022879247852121564,0.002649366689115301
concentrated,4096,1.0,compressed,f343dc8618448c0c9d0e37927b8e6f50dc169343e536bdaae4bfce436cb39630,20,0.00387941648661679,0.0024945228795110047,0.0013848936071057852,,128,0,4096,4096,1.5450026758015156,0.00023078793201323914,0.0037714044096067356,0.003987428563626844
concentrated,4096,1.0,energy,f343dc8618448c0c9d0e37927b8e6f50dc169343e536bdaae4bfce436cb39630,20,0.001304487950037268,0.00040338011500089206,0.0009011078350363759,0.9920641779899597,128,4096,4096,4096,1.563199429595261,0.00017709934694434351,0.0012216029042997575,0.0013873729957747786
concentrated,4096,1.0,gradient,f343dc8618448c0c9d0e37927b8e6f50dc169343e536bdaae4bfce436cb39630,20,0.003353805260969233,0.0012052664483777997,0.002148538812591434,0.3335250112457288,128,4096,4096,4096,1.563221204149886,0.0006170521790412764,0.003065015951665118,0.0036425945702733475
concentrated,4096,1.0,lora,f343dc8618448c0c9d0e37927b8e6f50dc169343e536bdaae4bfce436cb39630,20,0.020184054931958937,0.0026899520231741126,0.01749410290878483,,1024,0,4096,4096,1.4932978880475276,0.0007951187897503585,0.019811927883540605,0.02055618198037727
concentrated,4096,1.0,random,f343dc8618448c0c9d0e37927b8e6f50dc169343e536bdaae4bfce436cb39630,20,0.0035528478955191454,0.0025624770315483695,0.0009903708639707762,0.0026293419885405457,128,4096,4096,4096,1.5639673884841614,0.0002198250380116085,0.0034499666108379085,0.0036557291802003823
concentrated,4096,1.0,snip,f343dc8618448c0c9d0e37927b8e6f50dc169343e536bdaae4bfce436cb39630,20,0.0035539705307791975,0.00171860125184422,0.0018353692789349779,0.1132338871707134,128,4096,4096,4096,1.5626373611507005,0.00051440291567583,0.0033132225555385034,0.0037947185060198917
concentrated,4096,1.0,snip_independent,f343dc8618448c0c9d0e37927b8e6f50dc169343e536bdaae4bfce436cb39630,20,0.004630816193514434,0.00190149514414589,0.002729321049368545,0.11217811914821141,128,2048,2048,4096,1.5626817359094276,0.0006093941727184172,0.004345610941493872,0.004916021445534996
concentrated,4096,1.0,snip_same_half,f343dc8618448c0c9d0e37927b8e6f50dc169343e536bdaae4bfce436cb39630,20,0.005499425418939689,0.0018356124746376952,0.0036638129443019953,0.10366067009344988,128,2048,2048,2048,1.562374665439711,0.000603155600253234,0.005217139908708327,0.005781710929171051
diffuse,64,0.25,compressed,82a8db1d1a8818d5c70195f5dd662c8928cafd785f34afc6223fdd840b5afa83,20,0.0110305268122723,0.0031708448263804106,0.00785968198589189,,128,0,64,64,1.5417777578986716,0.0011141080607314433,0.010509108189541438,0.011551945435003163
diffuse,64,0.25,energy,82a8db1d1a8818d5c70195f5dd662c8928cafd785f34afc6223fdd840b5afa83,20,0.009645561964133024,0.0030801359446369957,0.006565426019496026,0.06854168325662613,128,64,64,64,1.556685013297829,0.0009297375332006169,0.009210431404405826,0.010080692523860221
diffuse,64,0.25,gradient,82a8db1d1a8818d5c70195f5dd662c8928cafd785f34afc6223fdd840b5afa83,20,0.017037583180319785,0.002496085237789239,0.014541497942530544,0.008214652095921338,128,64,64,64,1.5579127637960482,0.0012472117167830472,0.01645387012900961,0.01762129623162996
diffuse,64,0.25,lora,82a8db1d1a8818d5c70195f5dd662c8928cafd785f34afc6223fdd840b5afa83,20,0.08652592868900297,0.012147971069554717,0.07437795761944825,,1024,0,64,64,1.4880915263522183,0.005281991275882094,0.08405388067730588,0.08899797670070006
diffuse,64,0.25,random,82a8db1d1a8818d5c70195f5dd662c8928cafd785f34afc6223fdd840b5afa83,20,0.00954039545925496,0.003112789700563121,0.00642760575869184,0.007880769181065261,128,64,64,64,1.5581387553567765,0.0006890029120681653,0.00921793217034179,0.009862858748168132
diffuse,64,0.25,snip,82a8db1d1a8818d5c70195f5dd662c8928cafd785f34afc6223fdd840b5afa83,20,0.016783659890240374,0.0025166029698768097,0.014267056920363567,0.008301586983725429,128,64,64,64,1.5564514266967309,0.0016160943314958776,0.01602730446096675,0.017540015319513998
diffuse,64,0.25,snip_independent,82a8db1d1a8818d5c70195f5dd662c8928cafd785f34afc6223fdd840b5afa83,20,0.01627672400983091,0.0032099603555266506,0.013066763654304262,0.008011870458722115,128,32,32,64,1.5574777135043405,0.0016971517574127905,0.015482432537480856,0.017071015482180964
diffuse,64,0.25,snip_same_half,82a8db1d1a8818d5c70195f5dd662c8928cafd785f34afc6223fdd840b5afa83,20,0.022461832899252295,0.0030130307769917365,0.01944880212226056,0.007903249096125364,128,32,32,32,1.557398746049148,0.0018983439082913907,0.021573380601832448,0.023350285196672142
diffuse,64,0.5,compressed,82a8db1d1a8818d5c70195f5dd662c8928cafd785f34afc6223fdd840b5afa83,20,0.02362229026521654,0.0038595285299124074,0.01976276173530414,,128,0,64,64,1.5413203825068194,0.002573772788066398,0.02241772752154993,0.02482685300888315
diffuse,64,0.5,energy,82a8db1d1a8818d5c70195f5dd662c8928cafd785f34afc6223fdd840b5afa83,20,0.019220962952109833,0.003769809791785539,0.015451153160324294,0.06854168362915516,128,64,64,64,1.5574701938545332,0.001975544252930473,0.018296379781218314,0.020145546123001352
diffuse,64,0.5,gradient,82a8db1d1a8818d5c70195f5dd662c8928cafd785f34afc6223fdd840b5afa83,20,0.04340313470095518,0.004029271288692696,0.03937386341226249,0.00776630463078618,128,64,64,64,1.5585498556960373,0.002644710814623176,0.042165371938896995,0.04464089746301336
diffuse,64,0.5,lora,82a8db1d1a8818d5c70195f5dd662c8928cafd785f34afc6223fdd840b5afa83,20,0.1440779876703005,0.02078159846834621,0.12329638920195427,,1024,0,64,64,1.487138462907751,0.010901604049529426,0.1389758799220351,0.1491800954185659
diffuse,64,0.5,random,82a8db1d1a8818d5c70195f5dd662c8928cafd785f34afc6223fdd840b5afa83,20,0.01866295499080243,0.0037198237557329395,0.014943131235069487,0.00788076922763139,128,64,64,64,1.5584685178415385,0.0012415460172097393,0.01808189356851501,0.019244016413089846
diffuse,64,0.5,snip,82a8db1d1a8818d5c70195f5dd662c8928cafd785f34afc6223fdd840b5afa83,20,0.04161665915819189,0.0037547057817963313,0.037861953376395564,0.007906430610455572,128,64,64,64,1.5570782358932775,0.0037325854878166847,0.039869755376699796,0.043363562939683985
diffuse,64,0.5,snip_independent,82a8db1d1a8818d5c70195f5dd662c8928cafd785f34afc6223fdd840b5afa83,20,0.03035571056676554,0.00403576220832261,0.026319948358442934,0.007912187883630396,128,32,32,64,1.5578667693975148,0.0024430765127892583,0.02921231556279405,0.03149910557073703
diffuse,64,0.5,snip_same_half,82a8db1d1a8818d5c70195f5dd662c8928cafd785f34afc6223fdd840b5afa83,20,0.04935379651775294,0.004421591259661505,0.04493220525809143,0.00786127420142293,128,32,32,32,1.557058465204318,0.004108694755917294,0.047430868180401715,0.05127672485510417
diffuse,64,1.0,compressed,82a8db1d1a8818d5c70195f5dd662c8928cafd785f34afc6223fdd840b5afa83,20,0.03869189815425529,0.004863543417237812,0.03382835473701747,,128,0,64,64,1.5420451101963408,0.0033119721347631085,0.03714184748152485,0.04024194882698573
diffuse,64,1.0,energy,82a8db1d1a8818d5c70195f5dd662c8928cafd785f34afc6223fdd840b5afa83,20,0.030967531698992336,0.004694871133408484,0.02627266056558385,0.06854168325662613,128,64,64,64,1.5570138504932403,0.0032091716840357653,0.029465593118188756,0.032469470279795916
diffuse,64,1.0,gradient,82a8db1d1a8818d5c70195f5dd662c8928cafd785f34afc6223fdd840b5afa83,20,0.08239585361410254,0.0062731986929325054,0.07612265492117003,0.0073681480949744586,128,64,64,64,1.5588093753583963,0.0044327501119197634,0.08032126270166462,0.08447044452654046
diffuse,64,1.0,lora,82a8db1d1a8818d5c70195f5dd662c8928cafd785f34afc6223fdd840b5afa83,20,0.21937185705263684,0.028533815040192964,0.19083804201244398,,1024,0,64,64,1.4886918035626877,0.019987604751279774,0.21001737007921087,0.22872634402606282
diffuse,64,1.0,random,82a8db1d1a8818d5c70195f5dd662c8928cafd785f34afc6223fdd840b5afa83,20,0.02937658013197015,0.00446242002623605,0.024914160105734096,0.00788076922763139,128,64,64,64,1.5588374123064568,0.0016370640726690276,0.028610410561728594,0.030142749702211705
diffuse,64,1.0,snip,82a8db1d1a8818d5c70195f5dd662c8928cafd785f34afc6223fdd840b5afa83,20,0.0762978873170397,0.005737083614105316,0.07056080370293437,0.007823239895515144,128,64,64,64,1.5577275427611312,0.005721809997266425,0.07361999780752154,0.07897577682655785
diffuse,64,1.0,snip_independent,82a8db1d1a8818d5c70195f5dd662c8928cafd785f34afc6223fdd840b5afa83,20,0.04507681290406591,0.004913880232216011,0.04016293267184991,0.007770090294070542,128,32,32,64,1.5574213208077707,0.00438870607373846,0.04302283523601376,0.04713079057211807
diffuse,64,1.0,snip_same_half,82a8db1d1a8818d5c70195f5dd662c8928cafd785f34afc6223fdd840b5afa83,20,0.08248341204936045,0.006238559194133065,0.0762448528552274,0.007838180707767605,128,32,32,32,1.5578182563127485,0.004469652960113947,0.08039155007232973,0.08457527402639117
diffuse,256,0.25,compressed,82a8db1d1a8818d5c70195f5dd662c8928cafd785f34afc6223fdd840b5afa83,20,0.004948289306947277,0.0028675953820118485,0.0020806939249354292,,128,0,256,256,1.5427153349504805,0.0002448684916369449,0.004833687325182874,0.00506289128871168
diffuse,256,0.25,energy,82a8db1d1a8818d5c70195f5dd662c8928cafd785f34afc6223fdd840b5afa83,20,0.004581394461840995,0.0027203181581035626,0.0018610763037374325,0.06854168325662613,128,256,256,256,1.5587161971925525,0.00024832009126090943,0.0044651770817273825,0.004697611841954608
diffuse,256,0.25,gradient,82a8db1d1a8818d5c70195f5dd662c8928cafd785f34afc6223fdd840b5afa83,20,0.007109241531534451,0.0016789969764424355,0.0054302445550920165,0.009737805952318013,128,256,256,256,1.557698010545573,0.00046293817785067655,0.006892579795018552,0.007325903268050349
diffuse,256,0.25,lora,82a8db1d1a8818d5c70195f5dd662c8928cafd785f34afc6223fdd840b5afa83,20,0.037000542775724954,0.005352272789296003,0.03164826998642896,,1024,0,256,256,1.4910563263023504,0.0019750871908042543,0.036076173516493136,0.03792491203495677
diffuse,256,0.25,random,82a8db1d1a8818d5c70195f5dd662c8928cafd785f34afc6223fdd840b5afa83,20,0.0047259669097032605,0.002765784352521953,0.001960182557181307,0.007880769181065261,128,256,256,256,1.5575193872035016,0.0001920296988812469,0.00463609424416636,0.004815839575240161
diffuse,256,0.25,snip,82a8db1d1a8818d5c70195f5dd662c8928cafd785f34afc6223fdd840b5afa83,20,0.006514024280579801,0.0019297561866042042,0.004584268093975596,0.008876703097485006,128,256,256,256,1.5575795089476743,0.0003402244054546278,0.0063547943574113865,0.006673254203748215
diffuse,256,0.25,snip_independent,82a8db1d1a8818d5c70195f5dd662c8928cafd785f34afc6223fdd840b5afa83,20,0.0069366086802845894,0.0026104414164000063,0.004326167263884583,0.008960617752745748,128,128,128,256,1.5570373433001805,0.000495280927647437,0.006704810070920572,0.007168407289648607
diffuse,256,0.25,snip_same_half,82a8db1d1a8818d5c70195f5dd662c8928cafd785f34afc6223fdd840b5afa83,20,0.010670863727018112,0.002007083146229567,0.008663780580788545,0.008380741230212152,128,128,128,128,1.5589525848918129,0.0007501111837322666,0.01031980088661472,0.011021926567421503
diffuse,256,0.5,compressed,82a8db1d1a8818d5c70195f5dd662c8928cafd785f34afc6223fdd840b5afa83,20,0.01013879634954863,0.0031331967870029346,0.007005599562545697,,128,0,256,256,1.5418841256963787,0.0007368474242544066,0.009793941139664164,0.010483651559433095
diffuse,256,0.5,energy,82a8db1d1a8818d5c70195f5dd662c8928cafd785f34afc6223fdd840b5afa83,20,0.008804244538915849,0.00303790990433461,0.005766334634581239,0.06854168400168419,128,256,256,256,1.5563402473548194,0.0007598431433919824,0.008448627001189013,0.009159862076642685
diffuse,256,0.5,gradient,82a8db1d1a8818d5c70195f5dd662c8928cafd785f34afc6223fdd840b5afa83,20,0.020331897887398455,0.0024177580246632756,0.017914139862735177,0.008855624683201313,128,256,256,256,1.5577302869642153,0.0010428750281568505,0.01984381735012548,0.02081997842467143
diffuse,256,0.5,lora,82a8db1d1a8818d5c70195f5dd662c8928cafd785f34afc6223fdd840b5afa83,20,0.08794778199742209,0.01220152105911669,0.0757462609383054,,1024,0,256,256,1.4909020117018372,0.00502667304611498,0.08559522659547764,0.09030033739936655
diffuse,256,0.5,random,82a8db1d1a8818d5c70195f5dd662c8928cafd785f34afc6223fdd840b5afa83,20,0.00868187479087092,0.0029979318777085613,0.00568394291316236,0.007880769297480583,128,256,256,256,1.557137002199306,0.0005519596824992559,0.008423549707698309,0.008940199874043531
diffuse,256,0.5,snip,82a8db1d1a8818d5c70195f5dd662c8928cafd785f34afc6223fdd840b5afa83,20,0.01766369313532232,0.0024624853868986927,0.015201207748423623,0.008166702277958394,128,256,256,256,1.5558582622616086,0.001431136647213253,0.016993900566871032,0.01833348570377361
diffuse,256,0.5,snip_independent,82a8db1d1a8818d5c70195f5dd662c8928cafd785f34afc6223fdd840b5afa83,20,0.015366481907391066,0.0030776938945723106,0.012288788012818755,0.00847107155714184,128,128,128,256,1.5553136720496696,0.0012653621976950536,0.014774274169530624,0.01595868964525151
diffuse,256,0.5,snip_same_half,82a8db1d1a8818d5c70195f5dd662c8928cafd785f34afc6223fdd840b5afa83,20,0.0304558948716398,0.0032349647383987617,0.027220930133241034,0.00799726031254977,128,128,128,128,1.5573255625611637,0.0019872139012350296,0.029525850137223895,0.03138593960605571
diffuse,256,1.0,compressed,82a8db1d1a8818d5c70195f5dd662c8928cafd785f34afc6223fdd840b5afa83,20,0.021251897215755954,0.0037748105785092587,0.017477086637246696,,128,0,256,256,1.5404693048010814,0.0015474000909330016,0.02052769168070383,0.021976102750808076
diffuse,256,1.0,energy,82a8db1d1a8818d5c70195f5dd662c8928cafd785f34afc6223fdd840b5afa83,20,0.01699991051540737,0.0037122667933057476,0.01328764372210162,0.06854168325662613,128,256,256,256,1.555620519706281,0.0016275872487661461,0.01623817623527947,0.01776164479553527
diffuse,256,1.0,gradient,82a8db1d1a8818d5c70195f5dd662c8928cafd785f34afc6223fdd840b5afa83,20,0.050822996590145955,0.00417360248487578,0.04664939410527018,0.00827991517726332,128,256,256,256,1.5556244439067086,0.0022723540775720303,0.04975950214535522,0.05188649103493669
diffuse,256,1.0,lora,82a8db1d1a8818d5c70195f5dd662c8928cafd785f34afc6223fdd840b5afa83,20,0.1568285277918145,0.020674612186855457,0.13615391560495907,,1024,0,256,256,1.4889656917512184,0.005373836673799005,0.15431349481072892,0.15934356077290007
diffuse,256,1.0,random,82a8db1d1a8818d5c70195f5dd662c8928cafd785f34afc6223fdd840b5afa83,20,0.016099261267479497,0.003468628470549534,0.01263063279692996,0.007880769181065261,128,256,256,256,1.5555670643487247,0.0011538217471853583,0.01555925606735616,0.016639266467602835
diffuse,256,1.0,snip,82a8db1d1a8818d5c70195f5dd662c8928cafd785f34afc6223fdd840b5afa83,20,0.04347083472763349,0.0039624485728058075,0.03950838615482768,0.00800623781979084,128,256,256,256,1.5543469496595208,0.003098114193076749,0.04202087265253958,0.0449207968027274
diffuse,256,1.0,snip_independent,82a8db1d1a8818d5c70195f5dd662c8928cafd785f34afc6223fdd840b5afa83,20,0.02952728772164005,0.0038055452094438963,0.02572174251219615,0.008249975391663611,128,128,128,256,1.554599595698528,0.002761868313760312,0.028234693562165562,0.030819881881114536
diffuse,256,1.0,snip_same_half,82a8db1d1a8818d5c70195f5dd662c8928cafd785f34afc6223fdd840b5afa83,20,0.06636646212498919,0.005604981546668834,0.06076148057832036,0.0078115691663697365,128,128,128,128,1.5566846614005043,0.00398832618578156,0.06449986801254165,0.06823305623743672
diffuse,1024,0.25,compressed,82a8db1d1a8818d5c70195f5dd662c8928cafd785f34afc6223fdd840b5afa83,20,0.0032869593593897613,0.0027907181728577344,0.0004962411865320276,,128,0,1024,1024,1.5451572946942178,9.38083264213105e-05,0.0032430557111824466,0.003330863007597076
diffuse,1024,0.25,energy,82a8db1d1a8818d5c70195f5dd662c8928cafd785f34afc6223fdd840b5afa83,20,0.003049199210495914,0.002607803956682975,0.00044139525381293977,0.06854168325662613,128,1024,1024,1024,1.562397521157982,7.783693218565266e-05,0.003012770404881499,0.0030856280161103288
diffuse,1024,0.25,gradient,82a8db1d1a8818d5c70195f5dd662c8928cafd785f34afc6223fdd840b5afa83,20,0.0032328034042684423,0.0015879448772663828,0.0016448585270020597,0.012948649050667883,128,1024,1024,1024,1.5617674086010083,0.00010685695473019384,0.0031827928100285514,0.003282813998508333
diffuse,1024,0.25,lora,82a8db1d1a8818d5c70195f5dd662c8928cafd785f34afc6223fdd840b5afa83,20,0.008268741120951613,0.0015970264837571514,0.006671714637194461,,1024,0,1024,1024,1.4913014734484022,0.00025555745627247375,0.00814913654974807,0.008388345692155156
diffuse,1024,0.25,random,82a8db1d1a8818d5c70195f5dd662c8928cafd785f34afc6223fdd840b5afa83,20,0.003245041291970207,0.002710935484954949,0.0005341058070152583,0.00788076922763139,128,1024,1024,1024,1.5612121021636995,6.450173370678229e-05,0.003214853551356372,0.0032752290325840415
diffuse,1024,0.25,snip,82a8db1d1a8818d5c70195f5dd662c8928cafd785f34afc6223fdd840b5afa83,20,0.0031955596492348193,0.0019903212117035264,0.0012052384375312924,0.00940056114923209,128,1024,1024,1024,1.5613803036074387,8.009376926889913e-05,0.0031580746113525023,0.003233044687117136
diffuse,1024,0.25,snip_independent,82a8db1d1a8818d5c70195f5dd662c8928cafd785f34afc6223fdd840b5afa83,20,0.003559473013825942,0.0023416434020009503,0.0012178296118249918,0.008582692383788526,128,512,512,1024,1.5614170348533662,0.00017530140667668104,0.0034774294300355803,0.003641516597616304
diffuse,1024,0.25,snip_same_half,82a8db1d1a8818d5c70195f5dd662c8928cafd785f34afc6223fdd840b5afa83,20,0.004158710934272737,0.001931393834308371,0.002227317099964367,0.00921563501469791,128,512,512,512,1.5613797086116392,0.0002602117316062191,0.004036928095161555,0.004280493773383918
diffuse,1024,0.5,compressed,82a8db1d1a8818d5c70195f5dd662c8928cafd785f34afc6223fdd840b5afa83,20,0.004590897389208931,0.002857097942738012,0.001733799446470917,,128,0,1024,1024,1.5463122998946346,0.00032632703024686063,0.004438171637849175,0.004743623140568687
diffuse,1024,0.5,energy,82a8db1d1a8818d5c70195f5dd662c8928cafd785f34afc6223fdd840b5afa83,20,0.004100939514151391,0.0026748080935554376,0.0014261314205959534,0.06854168362915516,128,1024,1024,1024,1.5621952274465003,0.00025341292787981644,0.003982338613130587,0.004219540415172195
diffuse,1024,0.5,gradient,82a8db1d1a8818d5c70195f5dd662c8928cafd785f34afc6223fdd840b5afa83,20,0.006291113208133819,0.001935041463330017,0.004356071744803803,0.009373175096698105,128,1024,1024,1024,1.5626607015437912,0.0003484971958270462,0.006128011499889821,0.006454214916377817
diffuse,1024,0.5,lora,82a8db1d1a8818d5c70195f5dd662c8928cafd785f34afc6223fdd840b5afa83,20,0.028890640008506368,0.004261258769955075,0.024629381238551303,,1024,0,1024,1024,1.4928402667021146,0.0010715675132242136,0.028389130974865878,0.02939214904214686
diffuse,1024,0.5,random,82a8db1d1a8818d5c70195f5dd662c8928cafd785f34afc6223fdd840b5afa83,20,0.004218457985747379,0.002788122160101992,0.0014303358256453863,0.007880769181065261,128,1024,1024,1024,1.5619573262840276,0.00021558388280487243,0.004117561622802757,0.004319354348692001
diffuse,1024,0.5,snip,82a8db1d1a8818d5c70195f5dd662c8928cafd785f34afc6223fdd840b5afa83,20,0.00521166553053542,0.0022586331186426065,0.002953032411892813,0.008137546107172966,128,1024,1024,1024,1.5611237949924543,0.0003007590994720547,0.00507090593912062,0.00535242512195022
diffuse,1024,0.5,snip_independent,82a8db1d1a8818d5c70195f5dd662c8928cafd785f34afc6223fdd840b5afa83,20,0.006036908737909724,0.00262109868912409,0.0034158100487856344,0.007905938033945858,128,512,512,1024,1.5605891159037129,0.0004510530288380179,0.005825809422354197,0.0062480080534652515
diffuse,1024,0.5,snip_same_half,82a8db1d1a8818d5c70195f5dd662c8928cafd785f34afc6223fdd840b5afa83,20,0.008784722312423165,0.002170322456274954,0.006614399856148212,0.008666718960739672,128,512,512,512,1.5611178764607758,0.0008523133642184544,0.00838582737918471,0.009183617245661621
diffuse,1024,1.0,compressed,82a8db1d1a8818d5c70195f5dd662c8928cafd785f34afc6223fdd840b5afa83,20,0.007992793121145167,0.0030438356645963636,0.004948957456548804,,128,0,1024,1024,1.5442802128440234,0.0009354239185799187,0.00755500125114,0.008430584991150333
diffuse,1024,1.0,energy,82a8db1d1a8818d5c70195f5dd662c8928cafd785f34afc6223fdd840b5afa83,20,0.006564453092136354,0.0028390897182305535,0.0037253633739057997,0.06854168325662613,128,1024,1024,1024,1.5608686138963095,0.0006834133967494886,0.006244605776917228,0.0068843004073554795
diffuse,1024,1.0,gradient,82a8db1d1a8818d5c70195f5dd662c8928cafd785f34afc6223fdd840b5afa83,20,0.01460809606586424,0.0026060279368840663,0.012002068128980175,0.008084923424758018,128,1024,1024,1024,1.55984633344342,0.0012398581003513313,0.014027824612983396,0.015188367518745085
diffuse,1024,1.0,lora,82a8db1d1a8818d5c70195f5dd662c8928cafd785f34afc6223fdd840b5afa83,20,0.07736521092911156,0.009728621544272602,0.06763658938483898,,1024,0,1024,1024,1.490194332052488,0.0034308030412619366,0.07575954568021173,0.07897087617801138
diffuse,1024,1.0,random,82a8db1d1a8818d5c70195f5dd662c8928cafd785f34afc6223fdd840b5afa83,20,0.006458836276602957,0.0029568824733269307,0.0035019538032760263,0.007880769134499133,128,1024,1024,1024,1.5592072797968286,0.0005502723257393676,0.006201300900702743,0.00671637165250317
diffuse,1024,1.0,snip,82a8db1d1a8818d5c70195f5dd662c8928cafd785f34afc6223fdd840b5afa83,20,0.010538363842052267,0.002620519806487254,0.007917844035565013,0.008064984134398401,128,1024,1024,1024,1.5588466004934163,0.0010604589018677738,0.010042053798561911,0.011034673885542622
diffuse,1024,1.0,snip_independent,82a8db1d1a8818d5c70195f5dd662c8928cafd785f34afc6223fdd840b5afa83,20,0.011904072637086559,0.003062110211255276,0.008841962425831285,0.007611144054681063,128,512,512,1024,1.5580334421014412,0.0011970891137188838,0.01134381768609768,0.012464327588075438
diffuse,1024,1.0,snip_same_half,82a8db1d1a8818d5c70195f5dd662c8928cafd785f34afc6223fdd840b5afa83,20,0.02131585987652807,0.00288208594614459,0.018433773930383476,0.008230256964452565,128,512,512,512,1.5583901656937087,0.00210108204401684,0.020332523210857996,0.02229919654219814
diffuse,4096,0.25,compressed,82a8db1d1a8818d5c70195f5dd662c8928cafd785f34afc6223fdd840b5afa83,20,0.0029052525001005093,0.002767161106208109,0.00013809139389240076,,128,0,4096,4096,1.5387657122977543,1.8983763958975783e-05,0.0028963678250796335,0.002914137175121385
diffuse,4096,0.25,energy,82a8db1d1a8818d5c70195f5dd662c8928cafd785f34afc6223fdd840b5afa83,20,0.002706203036798788,0.0025844023575065725,0.00012180067929221585,0.06854168325662613,128,4096,4096,4096,1.5567810573003953,2.2048775336132228e-05,0.002695883892297562,0.002716522181300014
diffuse,4096,0.25,gradient,82a8db1d1a8818d5c70195f5dd662c8928cafd785f34afc6223fdd840b5afa83,20,0.0024098757236005524,0.0018444045170811472,0.0005654712065194054,0.014097929047420622,128,4096,4096,4096,1.5567135393648641,6.74484090628053e-05,0.0023783088964690565,0.0024414425507320483
diffuse,4096,0.25,lora,82a8db1d1a8818d5c70195f5dd662c8928cafd785f34afc6223fdd840b5afa83,20,0.002215717406428983,0.0008963910595127102,0.001319326346916274,,1024,0,4096,4096,1.4877260789508,8.003424814230876e-05,0.0021782602252913967,0.0022531745875665698
diffuse,4096,0.25,random,82a8db1d1a8818d5c70195f5dd662c8928cafd785f34afc6223fdd840b5afa83,20,0.0029200417363184133,0.002687560903665983,0.0002324808326524299,0.007880769134499133,128,4096,4096,4096,1.5568806129624135,3.7407069490009405e-05,0.0029025346888951384,0.002937548783741688
diffuse,4096,0.25,snip,82a8db1d1a8818d5c70195f5dd662c8928cafd785f34afc6223fdd840b5afa83,20,0.0026244739403692157,0.0021571267771044967,0.0004673471632647184,0.009199917409569025,128,4096,4096,4096,1.5558520355669316,8.237670770399191e-05,0.0025859204544103056,0.0026630274263281257
diffuse,4096,0.25,snip_independent,82a8db1d1a8818d5c70195f5dd662c8928cafd785f34afc6223fdd840b5afa83,20,0.002769515374443761,0.0022108409694758437,0.000558674404967917,0.009225473878905177,128,2048,2048,4096,1.5560395167558454,6.539437378234446e-05,0.002738909865414815,0.0028001208834727066
diffuse,4096,0.25,snip_same_half,82a8db1d1a8818d5c70195f5dd662c8928cafd785f34afc6223fdd840b5afa83,20,0.0028120175885250802,0.0021079260213657607,0.00070409156715932,0.00938135855831206,128,2048,2048,2048,1.5553505997842876,7.43459761007267e-05,0.00277722260065059,0.0028468125763995706
diffuse,4096,0.5,compressed,82a8db1d1a8818d5c70195f5dd662c8928cafd785f34afc6223fdd840b5afa83,20,0.003257144442721341,0.002782820283590115,0.0004743241591312253,,128,0,4096,4096,1.5395751489471876,6.947007901755054e-05,0.003224631444925998,0.003289657440516684
diffuse,4096,0.5,energy,82a8db1d1a8818d5c70195f5dd662c8928cafd785f34afc6223fdd840b5afa83,20,0.0029885964986923826,0.002599052761687328,0.00038954373700505487,0.06854168362915516,128,4096,4096,4096,1.5583070142980433,6.659270039844413e-05,0.002957430155543506,0.003019762841841259
diffuse,4096,0.5,gradient,82a8db1d1a8818d5c70195f5dd662c8928cafd785f34afc6223fdd840b5afa83,20,0.0031995966331569404,0.002249458750267076,0.0009501378828898639,0.010093235364183783,128,4096,4096,4096,1.5578882096568123,0.00010826656291903004,0.0031489263219772667,0.003250266944336614
diffuse,4096,0.5,lora,82a8db1d1a8818d5c70195f5dd662c8928cafd785f34afc6223fdd840b5afa83,20,0.0059919799534640245,0.0013415056791362002,0.004650474274327824,,1024,0,4096,4096,1.4878566869912901,0.0003044732946274858,0.005849482065208227,0.006134477841719822
diffuse,4096,0.5,random,82a8db1d1a8818d5c70195f5dd662c8928cafd785f34afc6223fdd840b5afa83,20,0.0031867834527750114,0.0027198720943886296,0.00046691135838638174,0.00788076922763139,128,4096,4096,4096,1.5588372041500407,7.601855181245805e-05,0.0031512056753716026,0.00322236123017842
diffuse,4096,0.5,snip,82a8db1d1a8818d5c70195f5dd662c8928cafd785f34afc6223fdd840b5afa83,20,0.003165933200396259,0.0024128396042715655,0.0007530935961246946,0.008463858161121607,128,4096,4096,4096,1.5576448568492196,0.00011053008457988142,0.0031142035284700636,0.0032176628723224548
diffuse,4096,0.5,snip_independent,82a8db1d1a8818d5c70195f5dd662c8928cafd785f34afc6223fdd840b5afa83,20,0.003614175806193884,0.002505183809519565,0.001108991996674319,0.008021250157617033,128,2048,2048,4096,1.5574166952457744,0.00016404311752014423,0.0035374012639204223,0.003690950348467346
diffuse,4096,0.5,snip_same_half,82a8db1d1a8818d5c70195f5dd662c8928cafd785f34afc6223fdd840b5afa83,20,0.0038100287115813334,0.00229347552710273,0.0015165531844786033,0.008572027646005153,128,2048,2048,2048,1.5572869349474785,0.00017703194994220093,0.003727175208611775,0.0038928822145508917
diffuse,4096,1.0,compressed,82a8db1d1a8818d5c70195f5dd662c8928cafd785f34afc6223fdd840b5afa83,20,0.004217347509258556,0.002834915832590145,0.0013824316766684118,,128,0,4096,4096,1.538600940539618,0.0002227566051700727,0.00411309420891377,0.004321600809603342
diffuse,4096,1.0,energy,82a8db1d1a8818d5c70195f5dd662c8928cafd785f34afc6223fdd840b5afa83,20,0.003690742055438957,0.0026478720028914994,0.0010428700525474575,0.06854168325662613,128,4096,4096,4096,1.5566176536056446,0.0001892858985967985,0.0036021535279635174,0.003779330582914397
diffuse,4096,1.0,gradient,82a8db1d1a8818d5c70195f5dd662c8928cafd785f34afc6223fdd840b5afa83,20,0.004504982742046426,0.002500354432795236,0.0020046283092511907,0.008961284696124495,128,4096,4096,4096,1.556908986007329,0.00020940790804369297,0.004406976824263722,0.00460298865982913
diffuse,4096,1.0,lora,82a8db1d1a8818d5c70195f5dd662c8928cafd785f34afc6223fdd840b5afa83,20,0.020567706450300004,0.0030057543090722403,0.017561952141227757,,1024,0,4096,4096,1.486657335201744,0.0009673380166627201,0.02011497832262419,0.021020434577975818
diffuse,4096,1.0,random,82a8db1d1a8818d5c70195f5dd662c8928cafd785f34afc6223fdd840b5afa83,20,0.0038305857940778404,0.0027932188490656425,0.001037366945012197,0.007880769157782196,128,4096,4096,4096,1.5571234680042836,0.0002027642497451165,0.0037356892040902013,0.003925482384065479
diffuse,4096,1.0,snip,82a8db1d1a8818d5c70195f5dd662c8928cafd785f34afc6223fdd840b5afa83,20,0.004212549268674465,0.0025572847398475573,0.0016552645288269087,0.008419034141115844,128,4096,4096,4096,1.5562719346984522,0.0002520895197638032,0.004094567741717529,0.004330530795631401
diffuse,4096,1.0,snip_independent,82a8db1d1a8818d5c70195f5dd662c8928cafd785f34afc6223fdd840b5afa83,20,0.005371730972558997,0.0027358665693548658,0.002635864403204131,0.007849112106487154,128,2048,2048,4096,1.555729093111586,0.0003974914337987246,0.005185699255112688,0.0055577626900053054
diffuse,4096,1.0,snip_same_half,82a8db1d1a8818d5c70195f5dd662c8928cafd785f34afc6223fdd840b5afa83,20,0.006195693348299517,0.0025815933934327275,0.003614099954866788,0.008364467788487673,128,2048,2048,2048,1.5551343626400922,0.000543180377817096,0.005941477106196507,0.006449909590402527
