noise_std,method,risk_mean,risk_std,bias,variance
0.1,lora,0.04004671100899946,0.0007839656614128037,0.00019890460489141543,0.03984780640410805
0.1,unilora,5.403330115799767,5.5409820156978164e-05,5.4031740453976695,0.0001560704020983997
0.1,unilora_matched,5.349309411558905,0.00010612583973047539,5.348832063431278,0.00047734812762957856
0.1,prolosa,0.053254847008310756,0.00022228960303610795,0.05230021854065618,0.000954628467654569
0.1,prolosa_random,5.387844008146536,0.056881575501464055,5.371681699629217,0.016162308517319052
0.1,prolosa_oracle,0.052977289563770354,8.782283559506558e-05,0.05251795250428451,0.00045933705948583573
0.2,lora,0.1600481392478719,0.003557040519004344,0.0008166498845869402,0.15923148936328496
0.2,unilora,5.403799322919333,0.00019770800357302927,5.40317660300771,0.0006227199116246751
0.2,unilora_matched,5.350686362793085,0.000363815243633479,5.348836497083436,0.001849865709648103
0.2,prolosa,0.05663045059107051,0.000990484699155731,0.05217084131250865,0.004459609278561864
0.2,prolosa_random,5.348457923736763,0.3518268284112042,5.290830338815498,0.05762758492126448
0.2,prolosa_oracle,0.054391635526242904,0.0003837616614121782,0.052527040727504117,0.0018645947987387882
0.3,lora,0.3603816375992853,0.007529779958584959,0.0017660642820716606,0.35861557331721367
0.3,unilora,5.404633324421931,0.0005385190721813205,5.40318360113619,0.0014497232857444667
0.3,unilora_matched,5.352999486391464,0.0008974308286764091,5.348848714966591,0.004150771424873142
0.3,prolosa,0.06242565074633854,0.0014911136969439523,0.052595606463353706,0.009830044282984835
0.3,prolosa_random,5.350294835323041,0.35234935241029847,5.289797748773081,0.060497086549960145
0.3,prolosa_oracle,0.05676567325748518,0.0008464674586268316,0.05253835603133752,0.004227317226147668
0.4,lora,0.6413460867350688,0.013762884239960539,0.003224180014046592,0.6381219067210222
0.4,unilora,5.405676961751635,0.0008827532364234713,5.403196532122161,0.0024804296294768896
0.4,unilora_matched,5.356237635404284,0.001646108846371621,5.348862037444647,0.007375597959635752
0.4,prolosa,0.07087563544732838,0.00295882313535602,0.05312128497614085,0.01775435047118752
0.4,prolosa_random,5.379434628156397,0.08519597867441892,5.340932907794385,0.03850172036201296
0.4,prolosa_oracle,0.06004085984579117,0.0015632567639141377,0.05256364715809077,0.007477212687700403
0.5,lora,1.000725668364893,0.02129659688570534,0.004997990425236784,0.9957276779396562
0.5,unilora,5.407255475607415,0.001321689350985046,5.4031983975059745,0.004057078101439424
0.5,unilora_matched,5.360625174498016,0.0023619182954409887,5.348871737635572,0.01175343686244339
0.5,prolosa,0.08175350601337054,0.004547256642677621,0.0533060603342939,0.02844744567907664
0.5,prolosa_random,5.368386124678339,0.2905212369459183,5.309748798351922,0.05863732632641559
0.5,prolosa_oracle,0.06406978320389566,0.0023381255867405523,0.05257744353279316,0.011492339671102508
0.6,lora,1.438830276462313,0.030259967666986146,0.007051158319208304,1.431779118143105
0.6,unilora,5.408886694238895,0.0020451072269818673,5.403189960870014,0.005696733368880169
0.6,unilora_matched,5.365964064489367,0.0035571320549237944,5.348903494224068,0.017060570265300376
0.6,prolosa,0.09792625127413754,0.007049017924963435,0.054238687902295704,0.04368756337184184
0.6,prolosa_random,5.37691102089069,0.21765910538055622,5.31727347189631,0.05963754899438087
0.6,prolosa_oracle,0.06984121470676749,0.0034252961347065645,0.05256979952902262,0.017271415177744883
0.7,lora,1.955889770216068,0.04299001669598682,0.009871022444025643,1.946018747772042
0.7,unilora,5.410637281135794,0.0024104274155859473,5.403202944908244,0.007434336227550555
0.7,unilora_matched,5.371711301488667,0.004353818102197915,5.348957537406615,0.022753764082054442
0.7,prolosa,0.11802120957240579,0.01143134684631971,0.055236532252704244,0.06278467731970157
0.7,prolosa_random,5.396719741894347,0.07205331221836025,5.344956833518296,0.05176290837604878
0.7,prolosa_oracle,0.0750198144619626,0.004349337535578545,0.05262288721201727,0.022396927249945325
0.8,lora,2.5554727831134207,0.05312320198472434,0.012489841475650987,2.5429829416377694
0.8,unilora,5.413296657367482,0.0035914900266366388,5.403209432279042,0.010087225088438538
0.8,unilora_matched,5.378761225217968,0.006095902629921908,5.349030060858108,0.029731164359858866
0.8,prolosa,0.1460028835055036,0.014272050283534222,0.057241763570988806,0.08876111993451481
0.8,prolosa_random,5.401998011944849,0.20779561908149552,5.342015833642548,0.05998217830230017
0.8,prolosa_oracle,0.08265898675905184,0.006094284657291882,0.05262999356438364,0.030028993194668195
0.9,lora,3.2418069112394288,0.07706030752106273,0.01630110813286574,3.225505803106563
0.9,unilora,5.4157575233418065,0.004461770147865679,5.4032494012435395,0.012508122098266612
0.9,unilora_matched,5.386431553243531,0.007864426335826858,5.349027951520753,0.03740360172277675
0.9,prolosa,0.17534746261648165,0.019878080717058124,0.058877785838194016,0.11646967677828765
0.9,prolosa_random,5.4191766701770065,0.059824831528128904,5.359773902053261,0.05940276812374742
0.9,prolosa_oracle,0.09016796898607642,0.007669024662189052,0.052684580736136424,0.03748338824993999
1.0,lora,3.9953250504940088,0.09460945764854256,0.021089801878149173,3.974235248615859
1.0,unilora,5.418790265284725,0.005509648670841532,5.4032896532410355,0.015500612043689566
1.0,unilora_matched,5.396110111928641,0.009589110394937012,5.349045300548424,0.04706481138021742
1.0,prolosa,0.21086530641843942,0.02185377735162906,0.06138473348653381,0.14948057293190564
1.0,prolosa_random,5.399112424811424,0.29257810704340415,5.3013015800801195,0.09781084473130351
1.0,prolosa_oracle,0.09954853517086057,0.009278586243574567,0.05279320886939161,0.04675532630146899
1.1,lora,4.827849513384279,0.10690819394314635,0.02382717247992217,4.804022340904357
1.1,unilora,5.421794121852254,0.00670800119554329,5.403263355491156,0.018530766361097743
1.1,unilora_matched,5.405397686635062,0.012212016840308378,5.349142521975335,0.05625516465972618
1.1,prolosa,0.25452726900846456,0.0288528465095445,0.06549383866878994,0.18903343033967462
1.1,prolosa_random,5.443132472222365,0.05257383118075844,5.372380925396813,0.07075154682555222
1.1,prolosa_oracle,0.1101393702547503,0.011919188486058116,0.05278305436055198,0.057356315894198324
1.2,lora,5.7645913846429195,0.11898195775390945,0.028905713023468678,5.735685671619451
1.2,unilora,5.425374412969497,0.007861038423177768,5.403322438463847,0.022051974505649743
1.2,unilora_matched,5.416137531956079,0.01372724298065176,5.3492449160938405,0.06689261586223781
1.2,prolosa,0.29425845663523864,0.03307931058283666,0.06789529406868572,0.22636316256655287
1.2,prolosa_random,5.41018497116303,0.35211092649864456,5.2843322425042345,0.1258527286587941
1.2,prolosa_oracle,0.12026392122298699,0.014148146999213976,0.05283998563945773,0.06742393558352924
1.3,lora,6.755590373131829,0.15506408590357423,0.033414338275868316,6.722176034855961
1.3,unilora,5.43026382686296,0.00974622335907915,5.403316116816246,0.026947710046715975
1.3,unilora_matched,5.427065962718818,0.0158989458432273,5.349112253649373,0.077953709069445
1.3,prolosa,0.34628602899893496,0.03622240921564262,0.07376152508747805,0.27252450391145694
1.3,prolosa_random,5.449955685409101,0.21140077391378734,5.336728781569372,0.11322690383972844
1.3,prolosa_oracle,0.13253569689808745,0.01604755879403613,0.05286053111309777,0.07967516578498966
1.4,lora,7.8306330586265425,0.17391912776027235,0.03915376789864779,7.791479290727893
1.4,unilora,5.432578049255315,0.01078864375552457,5.403281678914562,0.029296370340751644
1.4,unilora_matched,5.440243214857713,0.018535773988019113,5.349215723931616,0.09102749092609576
1.4,prolosa,0.39933133599349524,0.04275502703007396,0.07705316700747888,0.3222781689860163
1.4,prolosa_random,5.4607767914240135,0.2084672889232336,5.3338806011997955,0.1268961902242174
1.4,prolosa_oracle,0.14196347899918588,0.019051723639722323,0.052807059635949324,0.08915641936323655
1.5,lora,9.004045284644997,0.19692481419596064,0.04430668517031679,8.95973859947468
1.5,unilora,5.438530734550989,0.01307040944444142,5.4033002621717685,0.03523047237922111
1.5,unilora_matched,5.451927421147079,0.020868603865947796,5.349273406592754,0.10265401455432382
1.5,prolosa,0.46578471788196796,0.054886299368693055,0.0788942495118499,0.3868904683701181
1.5,prolosa_random,5.459699512884276,0.30391824942034773,5.299870859068225,0.15982865381605305
1.5,prolosa_oracle,0.16074263120583904,0.02265064443138113,0.053047523520086154,0.1076951076857529
1.6,lora,10.230174198900864,0.21496949152403805,0.05143174112088784,10.178742457779974
1.6,unilora,5.4429110263000275,0.014256910494633703,5.403322904246453,0.03958812205357544
1.6,unilora_matched,5.469119843211988,0.024008288451483818,5.34942774336522,0.11969209984676679
1.6,prolosa,0.536775372677969,0.05794539737969078,0.08530044550763678,0.45147492717033216
1.6,prolosa_random,5.488637006157262,0.21045109221545816,5.338964084036558,0.14967292212070674
1.6,prolosa_oracle,0.170977876575743,0.025013999847708322,0.05293776685021477,0.11804010972552823
1.7,lora,11.574297829586564,0.267399649882562,0.05645484629253537,11.517842983294031
1.7,unilora,5.4470802760891255,0.016526505463463986,5.403344952389105,0.0437353237000203
1.7,unilora_matched,5.483745165611493,0.02786039683423358,5.3494420031476535,0.13430316246384058
1.7,prolosa,0.6130780064867715,0.07422795424974425,0.09106389961548772,0.5220141068712838
1.7,prolosa_random,5.52013546959982,0.0649509276299441,5.367822577151941,0.1523128924478787
1.7,prolosa_oracle,0.18577665607796065,0.02838920619428962,0.0530866898956759,0.1326899661822848
1.8,lora,12.961510589991883,0.2882407351152131,0.06276106195323758,12.898749528038644
1.8,unilora,5.453663664038784,0.01907977625781994,5.403473132534401,0.05019053150438279
1.8,unilora_matched,5.502305488416116,0.03201016779331557,5.349641198851986,0.15266428956413308
1.8,prolosa,0.697174257499992,0.0858667788316354,0.09887212465121414,0.5983021328487779
1.8,prolosa_random,5.540987028417899,0.06073484076269612,5.373664588529101,0.16732243988879766
1.8,prolosa_oracle,0.20434616627775576,0.03243724959567193,0.05319875404734546,0.15114741223041028
1.9,lora,14.42514212338947,0.32536152663429985,0.07060202805315027,14.354540095336322
1.9,unilora,5.456182901782492,0.017937925195525128,5.403312560271125,0.05287034151136674
1.9,unilora_matched,5.515277326876928,0.03588644879820579,5.349524965601235,0.1657523612756926
1.9,prolosa,0.793772995944168,0.09257060264304966,0.102907443684629,0.690865552259539
1.9,prolosa_random,5.519182979231211,0.2927960205849501,5.305823954552272,0.21335902467893805
1.9,prolosa_oracle,0.2199271885743801,0.03062476195965948,0.05343310254933051,0.16649408602504961
2.0,lora,15.980113865055547,0.33562175963109414,0.08128877664992236,15.898825088405625
2.0,unilora,5.4654500197924305,0.021737923012927672,5.403562935915273,0.06188708387715545
2.0,unilora_matched,5.532724727639098,0.03636849228016413,5.349852061552026,0.182872666087071
2.0,prolosa,0.9049740236321184,0.1308157701413705,0.11379663456825267,0.7911773890638658
2.0,prolosa_random,5.537443483120205,0.30030252104190663,5.304964000094944,0.2324794830252634
2.0,prolosa_oracle,0.23391826436136756,0.04029938098266861,0.05381407534047429,0.18010418902089328
