runset,setting,method,seed,subset_seed,final_accuracy_pct,best_accuracy_pct,latent_d,sparse_K,adapter_active_dof,head_params,total_active_dof,raw_adapter_params,raw_trainable_params,head_lr,source_json,source_log,learning_rate,learning_rate_theta_d,num_train_epochs,per_device_train_batch_size,gradient_accumulation_steps,rosa_warmup_steps,rosa_mask_steps,rosa_sparse_lr_mult,warmup_ratio,lr_scheduler_type,optim,bf16
p1_vision,cifar100_1000,lora,42,42,86.91,86.94,0,0,147456,76900,224356,147456,224356,3e-3,ViT/results/p1_vision/cifar100_1000/lora_s42.json,ViT/logs/p1_vit_5880_1794420_0.out,0.001,None,20.0,64,1,128,1,0.2,0.1,SchedulerType.LINEAR,OptimizerNames.ADAMW_TORCH,True
p1_vision,cifar100_1000,lora,43,42,86.57000000000001,86.57000000000001,0,0,147456,76900,224356,147456,224356,3e-3,ViT/results/p1_vision/cifar100_1000/lora_s43.json,ViT/logs/p1_vit72k_1804656_0.out,0.001,None,20.0,64,1,128,1,0.2,0.1,SchedulerType.LINEAR,OptimizerNames.ADAMW_TORCH,True
p1_vision,cifar100_1000,lora,44,42,86.44,86.61999999999999,0,0,147456,76900,224356,147456,224356,3e-3,ViT/results/p1_vision/cifar100_1000/lora_s44.json,ViT/logs/p1_vit72k_1804657_0.out,0.001,None,20.0,64,1,128,1,0.2,0.1,SchedulerType.LINEAR,OptimizerNames.ADAMW_TORCH,True
p1_vision,cifar100_1000,prolosa_r12to1,42,42,86.39,86.57000000000001,22708,1892,24600,76900,101500,22708,99608,3e-3,ViT/results/p1_vision/cifar100_1000/prolosa_r12to1_s42.json,ViT/logs/p1_vit_5880_1795947_5.out,0.001,0.004,20.0,64,1,32,1,0.2,0.1,SchedulerType.LINEAR,OptimizerNames.ADAMW_TORCH,True
p1_vision,cifar100_1000,prolosa_r2to1,42,42,86.35000000000001,86.42999999999999,16400,8200,24600,76900,101500,16400,93300,3e-3,ViT/results/p1_vision/cifar100_1000/prolosa_r2to1_s42.json,ViT/logs/p1_vit_5880_1795942_2.out,0.001,0.004,20.0,64,1,32,1,0.2,0.1,SchedulerType.LINEAR,OptimizerNames.ADAMW_TORCH,True
p1_vision,cifar100_1000,prolosa_r4to1,42,42,86.5,86.56,19680,4920,24600,76900,101500,19680,96580,3e-3,ViT/results/p1_vision/cifar100_1000/prolosa_r4to1_s42.json,ViT/logs/p1_vit_5880_1795943_3.out,0.001,0.004,20.0,64,1,32,1,0.2,0.1,SchedulerType.LINEAR,OptimizerNames.ADAMW_TORCH,True
p1_vision,cifar100_1000,prolosa_r8to1,42,42,86.33999999999999,86.49,21867,2733,24600,76900,101500,21867,98767,3e-3,ViT/results/p1_vision/cifar100_1000/prolosa_r8to1_s42.json,ViT/logs/p1_vit_5880_1795945_4.out,0.001,0.004,20.0,64,1,32,1,0.2,0.1,SchedulerType.LINEAR,OptimizerNames.ADAMW_TORCH,True
p1_vision,cifar100_1000,unilora,42,42,86.59,86.71,24600,0,24600,76900,101500,24600,101500,3e-3,ViT/results/p1_vision/cifar100_1000/unilora_s42.json,ViT/logs/p1_vit_5880_1795550_1.out,0.004,None,20.0,64,1,128,1,0.2,0.1,SchedulerType.LINEAR,OptimizerNames.ADAMW_TORCH,True
p1_vision,cifar100_5000,lora,42,42,89.87,89.87,0,0,147456,76900,224356,147456,224356,3e-3,ViT/results/p1_vision/cifar100_5000/lora_s42.json,ViT/logs/p1_vit_5880_1795583_18.out,0.001,None,10.0,64,1,128,1,0.2,0.1,SchedulerType.LINEAR,OptimizerNames.ADAMW_TORCH,True
p1_vision,cifar100_5000,prolosa_r12to1,42,42,89.36,89.41,22708,1892,24600,76900,101500,22708,99608,3e-3,ViT/results/p1_vision/cifar100_5000/prolosa_r12to1_s42.json,ViT/logs/p1_vit_5880_1796032_23.out,0.001,0.004,10.0,64,1,128,1,0.2,0.1,SchedulerType.LINEAR,OptimizerNames.ADAMW_TORCH,True
p1_vision,cifar100_5000,prolosa_r2to1,42,42,89.13,89.17,16400,8200,24600,76900,101500,16400,93300,3e-3,ViT/results/p1_vision/cifar100_5000/prolosa_r2to1_s42.json,ViT/logs/p1_vit_5880_1796020_20.out,0.001,0.004,10.0,64,1,128,1,0.2,0.1,SchedulerType.LINEAR,OptimizerNames.ADAMW_TORCH,True
p1_vision,cifar100_5000,prolosa_r4to1,42,42,89.32,89.37,19680,4920,24600,76900,101500,19680,96580,3e-3,ViT/results/p1_vision/cifar100_5000/prolosa_r4to1_s42.json,ViT/logs/p1_vit_5880_1796022_21.out,0.001,0.004,10.0,64,1,128,1,0.2,0.1,SchedulerType.LINEAR,OptimizerNames.ADAMW_TORCH,True
p1_vision,cifar100_5000,prolosa_r8to1,42,42,89.28,89.37,21867,2733,24600,76900,101500,21867,98767,3e-3,ViT/results/p1_vision/cifar100_5000/prolosa_r8to1_s42.json,ViT/logs/p1_vit_5880_1796031_22.out,0.001,0.004,10.0,64,1,128,1,0.2,0.1,SchedulerType.LINEAR,OptimizerNames.ADAMW_TORCH,True
p1_vision,cifar100_5000,unilora,42,42,89.55,89.55,24600,0,24600,76900,101500,24600,101500,3e-3,ViT/results/p1_vision/cifar100_5000/unilora_s42.json,ViT/logs/p1_vit_5880_1795584_19.out,0.004,None,10.0,64,1,128,1,0.2,0.1,SchedulerType.LINEAR,OptimizerNames.ADAMW_TORCH,True
p1_vision,cifar100_full,lora,42,42,92.41,92.41,0,0,147456,76900,224356,147456,224356,3e-3,ViT/results/p1_vision/cifar100_full/lora_s42.json,ViT/logs/p1_vit_5880_1795593_24.out,0.001,None,10.0,64,1,128,1,0.2,0.1,SchedulerType.LINEAR,OptimizerNames.ADAMW_TORCH,True
p1_vision,cifar100_full,prolosa_r12to1,42,42,91.99000000000001,92.09,22708,1892,24600,76900,101500,22708,99608,3e-3,ViT/results/p1_vision/cifar100_full/prolosa_r12to1_s42.json,ViT/logs/p1_vit_5880_1796041_29.out,0.001,0.004,10.0,64,1,128,1,0.2,0.1,SchedulerType.LINEAR,OptimizerNames.ADAMW_TORCH,True
p1_vision,cifar100_full,prolosa_r2to1,42,42,92.03,92.12,16400,8200,24600,76900,101500,16400,93300,3e-3,ViT/results/p1_vision/cifar100_full/prolosa_r2to1_s42.json,ViT/logs/p1_vit_5880_1796033_26.out,0.001,0.004,10.0,64,1,128,1,0.2,0.1,SchedulerType.LINEAR,OptimizerNames.ADAMW_TORCH,True
p1_vision,cifar100_full,prolosa_r4to1,42,42,92.33,92.41,19680,4920,24600,76900,101500,19680,96580,3e-3,ViT/results/p1_vision/cifar100_full/prolosa_r4to1_s42.json,ViT/logs/p1_vit_5880_1796038_27.out,0.001,0.004,10.0,64,1,128,1,0.2,0.1,SchedulerType.LINEAR,OptimizerNames.ADAMW_TORCH,True
p1_vision,cifar100_full,prolosa_r8to1,42,42,92.02,92.2,21867,2733,24600,76900,101500,21867,98767,3e-3,ViT/results/p1_vision/cifar100_full/prolosa_r8to1_s42.json,ViT/logs/p1_vit_5880_1796039_28.out,0.001,0.004,10.0,64,1,128,1,0.2,0.1,SchedulerType.LINEAR,OptimizerNames.ADAMW_TORCH,True
p1_vision,cifar100_full,unilora,42,42,92.10000000000001,92.10000000000001,24600,0,24600,76900,101500,24600,101500,3e-3,ViT/results/p1_vision/cifar100_full/unilora_s42.json,ViT/logs/p1_vit_5880_1795594_25.out,0.004,None,10.0,64,1,128,1,0.2,0.1,SchedulerType.LINEAR,OptimizerNames.ADAMW_TORCH,True
p1_vision,dtd_1000,lora,42,42,73.13829787234043,73.29787234042553,0,0,147456,36143,183599,147456,183599,3e-3,ViT/results/p1_vision/dtd_1000/lora_s42.json,ViT/logs/p1_vit_5880_1795570_12.out,0.001,None,20.0,64,1,128,1,0.2,0.1,SchedulerType.LINEAR,OptimizerNames.ADAMW_TORCH,True
p1_vision,dtd_1000,prolosa_r12to1,42,42,72.7127659574468,72.92553191489361,22708,1892,24600,36143,60743,22708,58851,3e-3,ViT/results/p1_vision/dtd_1000/prolosa_r12to1_s42.json,ViT/logs/p1_vit_5880_1796019_17.out,0.001,0.004,20.0,64,1,32,1,0.2,0.1,SchedulerType.LINEAR,OptimizerNames.ADAMW_TORCH,True
p1_vision,dtd_1000,prolosa_r2to1,42,42,72.7127659574468,72.7127659574468,16400,8200,24600,36143,60743,16400,52543,3e-3,ViT/results/p1_vision/dtd_1000/prolosa_r2to1_s42.json,ViT/logs/p1_vit_5880_1796000_14.out,0.001,0.004,20.0,64,1,32,1,0.2,0.1,SchedulerType.LINEAR,OptimizerNames.ADAMW_TORCH,True
p1_vision,dtd_1000,prolosa_r4to1,42,42,72.2872340425532,72.65957446808511,19680,4920,24600,36143,60743,19680,55823,3e-3,ViT/results/p1_vision/dtd_1000/prolosa_r4to1_s42.json,ViT/logs/p1_vit_5880_1796013_15.out,0.001,0.004,20.0,64,1,32,1,0.2,0.1,SchedulerType.LINEAR,OptimizerNames.ADAMW_TORCH,True
p1_vision,dtd_1000,prolosa_r8to1,42,42,72.5,72.87234042553192,21867,2733,24600,36143,60743,21867,58010,3e-3,ViT/results/p1_vision/dtd_1000/prolosa_r8to1_s42.json,ViT/logs/p1_vit_5880_1796014_16.out,0.001,0.004,20.0,64,1,32,1,0.2,0.1,SchedulerType.LINEAR,OptimizerNames.ADAMW_TORCH,True
p1_vision,dtd_1000,unilora,42,42,72.65957446808511,72.81914893617021,24600,0,24600,36143,60743,24600,60743,3e-3,ViT/results/p1_vision/dtd_1000/unilora_s42.json,ViT/logs/p1_vit_5880_1795571_13.out,0.004,None,20.0,64,1,128,1,0.2,0.1,SchedulerType.LINEAR,OptimizerNames.ADAMW_TORCH,True
p1_vision,food101_1000,lora,42,42,79.50099009900991,79.51683168316832,0,0,147456,77669,225125,147456,225125,3e-3,ViT/results/p1_vision/food101_1000/lora_s42.json,ViT/logs/p1_vit_5880_1795555_6.out,0.001,None,20.0,64,1,128,1,0.2,0.1,SchedulerType.LINEAR,OptimizerNames.ADAMW_TORCH,True
p1_vision,food101_1000,prolosa_r12to1,42,42,79.25148514851486,79.27920792079209,22708,1892,24600,77669,102269,22708,100377,3e-3,ViT/results/p1_vision/food101_1000/prolosa_r12to1_s42.json,ViT/logs/p1_vit_5880_1795988_11.out,0.001,0.004,20.0,64,1,32,1,0.2,0.1,SchedulerType.LINEAR,OptimizerNames.ADAMW_TORCH,True
p1_vision,food101_1000,prolosa_r2to1,42,42,79.25940594059406,79.25940594059406,16400,8200,24600,77669,102269,16400,94069,3e-3,ViT/results/p1_vision/food101_1000/prolosa_r2to1_s42.json,ViT/logs/p1_vit_5880_1795976_8.out,0.001,0.004,20.0,64,1,32,1,0.2,0.1,SchedulerType.LINEAR,OptimizerNames.ADAMW_TORCH,True
p1_vision,food101_1000,prolosa_r4to1,42,42,79.1009900990099,79.1841584158416,19680,4920,24600,77669,102269,19680,97349,3e-3,ViT/results/p1_vision/food101_1000/prolosa_r4to1_s42.json,ViT/logs/p1_vit_5880_1795985_9.out,0.001,0.004,20.0,64,1,32,1,0.2,0.1,SchedulerType.LINEAR,OptimizerNames.ADAMW_TORCH,True
p1_vision,food101_1000,prolosa_r8to1,42,42,79.1881188118812,79.2910891089109,21867,2733,24600,77669,102269,21867,99536,3e-3,ViT/results/p1_vision/food101_1000/prolosa_r8to1_s42.json,ViT/logs/p1_vit_5880_1795987_10.out,0.001,0.004,20.0,64,1,32,1,0.2,0.1,SchedulerType.LINEAR,OptimizerNames.ADAMW_TORCH,True
p1_vision,food101_1000,unilora,42,42,79.25148514851486,79.25148514851486,24600,0,24600,77669,102269,24600,102269,3e-3,ViT/results/p1_vision/food101_1000/unilora_s42.json,ViT/logs/p1_vit_5880_1795556_7.out,0.004,None,20.0,64,1,128,1,0.2,0.1,SchedulerType.LINEAR,OptimizerNames.ADAMW_TORCH,True
p1_vision_d72k,cifar100_1000,lora,42,42,85.22,85.39,0,0,147456,76900,224356,147456,224356,1e-2,ViT/results/p1_vision_d72k/cifar100_1000/lora_s42.json,ViT/logs/p1_vit72k_1798682_0.out,0.001,None,20.0,64,1,128,1,0.2,0.1,SchedulerType.LINEAR,OptimizerNames.ADAMW_TORCH,True
p1_vision_d72k,cifar100_1000,prolosa_r12to1,42,42,84.98,84.98,66462,5538,72000,76900,148900,66462,143362,1e-2,ViT/results/p1_vision_d72k/cifar100_1000/prolosa_r12to1_s42.json,ViT/logs/p1_vit72k_1798687_5.out,0.001,0.01,20.0,64,1,32,1,0.2,0.1,SchedulerType.LINEAR,OptimizerNames.ADAMW_TORCH,True
p1_vision_d72k,cifar100_1000,prolosa_r2to1,42,42,85.38,85.44,48000,24000,72000,76900,148900,48000,124900,1e-2,ViT/results/p1_vision_d72k/cifar100_1000/prolosa_r2to1_s42.json,ViT/logs/p1_vit72k_1798684_2.out,0.001,0.01,20.0,64,1,32,1,0.2,0.1,SchedulerType.LINEAR,OptimizerNames.ADAMW_TORCH,True
p1_vision_d72k,cifar100_1000,prolosa_r4to1,42,42,85.08,85.08,57600,14400,72000,76900,148900,57600,134500,1e-2,ViT/results/p1_vision_d72k/cifar100_1000/prolosa_r4to1_s42.json,ViT/logs/p1_vit72k_1798685_3.out,0.001,0.01,20.0,64,1,32,1,0.2,0.1,SchedulerType.LINEAR,OptimizerNames.ADAMW_TORCH,True
p1_vision_d72k,cifar100_1000,prolosa_r8to1,42,42,84.78999999999999,85.28,64000,8000,72000,76900,148900,64000,140900,1e-2,ViT/results/p1_vision_d72k/cifar100_1000/prolosa_r8to1_s42.json,ViT/logs/p1_vit72k_1798686_4.out,0.001,0.01,20.0,64,1,32,1,0.2,0.1,SchedulerType.LINEAR,OptimizerNames.ADAMW_TORCH,True
p1_vision_d72k,cifar100_1000,unilora,42,42,85.1,85.1,72000,0,72000,76900,148900,72000,148900,1e-2,ViT/results/p1_vision_d72k/cifar100_1000/unilora_s42.json,ViT/logs/p1_vit72k_1798683_1.out,0.01,None,20.0,64,1,128,1,0.2,0.1,SchedulerType.LINEAR,OptimizerNames.ADAMW_TORCH,True
p1_vision_d72k,cifar100_5000,lora,42,42,89.32,89.32,0,0,147456,76900,224356,147456,224356,1e-2,ViT/results/p1_vision_d72k/cifar100_5000/lora_s42.json,ViT/logs/p1_vit72k_1798715_18.out,0.001,None,10.0,64,1,128,1,0.2,0.1,SchedulerType.LINEAR,OptimizerNames.ADAMW_TORCH,True
p1_vision_d72k,cifar100_5000,prolosa_r12to1,42,42,88.72,88.72,66462,5538,72000,76900,148900,66462,143362,1e-2,ViT/results/p1_vision_d72k/cifar100_5000/prolosa_r12to1_s42.json,ViT/logs/p1_vit72k_1798726_23.out,0.001,0.01,10.0,64,1,128,1,0.2,0.1,SchedulerType.LINEAR,OptimizerNames.ADAMW_TORCH,True
p1_vision_d72k,cifar100_5000,prolosa_r2to1,42,42,88.96,88.96,48000,24000,72000,76900,148900,48000,124900,1e-2,ViT/results/p1_vision_d72k/cifar100_5000/prolosa_r2to1_s42.json,ViT/logs/p1_vit72k_1798717_20.out,0.001,0.01,10.0,64,1,128,1,0.2,0.1,SchedulerType.LINEAR,OptimizerNames.ADAMW_TORCH,True
p1_vision_d72k,cifar100_5000,prolosa_r4to1,42,42,88.55,88.6,57600,14400,72000,76900,148900,57600,134500,1e-2,ViT/results/p1_vision_d72k/cifar100_5000/prolosa_r4to1_s42.json,ViT/logs/p1_vit72k_1798718_21.out,0.001,0.01,10.0,64,1,128,1,0.2,0.1,SchedulerType.LINEAR,OptimizerNames.ADAMW_TORCH,True
p1_vision_d72k,cifar100_5000,prolosa_r8to1,42,42,88.6,88.6,64000,8000,72000,76900,148900,64000,140900,1e-2,ViT/results/p1_vision_d72k/cifar100_5000/prolosa_r8to1_s42.json,ViT/logs/p1_vit72k_1798719_22.out,0.001,0.01,10.0,64,1,128,1,0.2,0.1,SchedulerType.LINEAR,OptimizerNames.ADAMW_TORCH,True
p1_vision_d72k,cifar100_5000,unilora,42,42,88.24,88.47,72000,0,72000,76900,148900,72000,148900,1e-2,ViT/results/p1_vision_d72k/cifar100_5000/unilora_s42.json,ViT/logs/p1_vit72k_1798716_19.out,0.01,None,10.0,64,1,128,1,0.2,0.1,SchedulerType.LINEAR,OptimizerNames.ADAMW_TORCH,True
p1_vision_d72k,cifar100_full,lora,42,42,91.78,91.86999999999999,0,0,147456,76900,224356,147456,224356,1e-2,ViT/results/p1_vision_d72k/cifar100_full/lora_s42.json,ViT/logs/p1_vit72k_1798727_24.out,0.001,None,10.0,64,1,128,1,0.2,0.1,SchedulerType.LINEAR,OptimizerNames.ADAMW_TORCH,True
p1_vision_d72k,cifar100_full,prolosa_r12to1,42,42,91.75999999999999,91.75999999999999,66462,5538,72000,76900,148900,66462,143362,1e-2,ViT/results/p1_vision_d72k/cifar100_full/prolosa_r12to1_s42.json,ViT/logs/p1_vit72k_1798732_29.out,0.001,0.01,10.0,64,1,128,1,0.2,0.1,SchedulerType.LINEAR,OptimizerNames.ADAMW_TORCH,True
p1_vision_d72k,cifar100_full,prolosa_r2to1,42,42,91.43,91.57,48000,24000,72000,76900,148900,48000,124900,1e-2,ViT/results/p1_vision_d72k/cifar100_full/prolosa_r2to1_s42.json,ViT/logs/p1_vit72k_1798729_26.out,0.001,0.01,10.0,64,1,128,1,0.2,0.1,SchedulerType.LINEAR,OptimizerNames.ADAMW_TORCH,True
p1_vision_d72k,cifar100_full,prolosa_r4to1,42,42,91.8,91.8,57600,14400,72000,76900,148900,57600,134500,1e-2,ViT/results/p1_vision_d72k/cifar100_full/prolosa_r4to1_s42.json,ViT/logs/p1_vit72k_1798730_27.out,0.001,0.01,10.0,64,1,128,1,0.2,0.1,SchedulerType.LINEAR,OptimizerNames.ADAMW_TORCH,True
p1_vision_d72k,cifar100_full,prolosa_r8to1,42,42,91.57,91.64,64000,8000,72000,76900,148900,64000,140900,1e-2,ViT/results/p1_vision_d72k/cifar100_full/prolosa_r8to1_s42.json,ViT/logs/p1_vit72k_1798731_28.out,0.001,0.01,10.0,64,1,128,1,0.2,0.1,SchedulerType.LINEAR,OptimizerNames.ADAMW_TORCH,True
p1_vision_d72k,cifar100_full,unilora,42,42,91.51,91.77,72000,0,72000,76900,148900,72000,148900,1e-2,ViT/results/p1_vision_d72k/cifar100_full/unilora_s42.json,ViT/logs/p1_vit72k_1798728_25.out,0.01,None,10.0,64,1,128,1,0.2,0.1,SchedulerType.LINEAR,OptimizerNames.ADAMW_TORCH,True
p1_vision_d72k,dtd_1000,lora,42,42,68.82978723404256,68.82978723404256,0,0,147456,36143,183599,147456,183599,5e-2,ViT/results/p1_vision_d72k/dtd_1000/lora_s42.json,ViT/logs/p1_vit72k_1798695_12.out,0.001,None,20.0,64,1,128,1,0.2,0.1,SchedulerType.LINEAR,OptimizerNames.ADAMW_TORCH,True
p1_vision_d72k,dtd_1000,prolosa_r12to1,42,42,67.92553191489363,68.29787234042554,66462,5538,72000,36143,108143,66462,102605,5e-2,ViT/results/p1_vision_d72k/dtd_1000/prolosa_r12to1_s42.json,ViT/logs/p1_vit72k_1798703_17.out,0.001,0.01,20.0,64,1,32,1,0.2,0.1,SchedulerType.LINEAR,OptimizerNames.ADAMW_TORCH,True
p1_vision_d72k,dtd_1000,prolosa_r2to1,42,42,67.92553191489363,68.08510638297872,48000,24000,72000,36143,108143,48000,84143,5e-2,ViT/results/p1_vision_d72k/dtd_1000/prolosa_r2to1_s42.json,ViT/logs/p1_vit72k_1798697_14.out,0.001,0.01,20.0,64,1,32,1,0.2,0.1,SchedulerType.LINEAR,OptimizerNames.ADAMW_TORCH,True
p1_vision_d72k,dtd_1000,prolosa_r4to1,42,42,68.19148936170212,68.19148936170212,57600,14400,72000,36143,108143,57600,93743,5e-2,ViT/results/p1_vision_d72k/dtd_1000/prolosa_r4to1_s42.json,ViT/logs/p1_vit72k_1798701_15.out,0.001,0.01,20.0,64,1,32,1,0.2,0.1,SchedulerType.LINEAR,OptimizerNames.ADAMW_TORCH,True
p1_vision_d72k,dtd_1000,prolosa_r8to1,42,42,68.08510638297872,68.56382978723404,64000,8000,72000,36143,108143,64000,100143,5e-2,ViT/results/p1_vision_d72k/dtd_1000/prolosa_r8to1_s42.json,ViT/logs/p1_vit72k_1798702_16.out,0.001,0.01,20.0,64,1,32,1,0.2,0.1,SchedulerType.LINEAR,OptimizerNames.ADAMW_TORCH,True
p1_vision_d72k,dtd_1000,unilora,42,42,66.70212765957447,68.24468085106383,72000,0,72000,36143,108143,72000,108143,5e-2,ViT/results/p1_vision_d72k/dtd_1000/unilora_s42.json,ViT/logs/p1_vit72k_1798696_13.out,0.01,None,20.0,64,1,128,1,0.2,0.1,SchedulerType.LINEAR,OptimizerNames.ADAMW_TORCH,True
p1_vision_d72k,food101_1000,lora,42,42,73.52475247524752,73.52475247524752,0,0,147456,77669,225125,147456,225125,5e-2,ViT/results/p1_vision_d72k/food101_1000/lora_s42.json,ViT/logs/p1_vit72k_1798688_6.out,0.001,None,20.0,64,1,128,1,0.2,0.1,SchedulerType.LINEAR,OptimizerNames.ADAMW_TORCH,True
p1_vision_d72k,food101_1000,prolosa_r12to1,42,42,72.36831683168316,73.27920792079208,66462,5538,72000,77669,149669,66462,144131,5e-2,ViT/results/p1_vision_d72k/food101_1000/prolosa_r12to1_s42.json,ViT/logs/p1_vit72k_1798694_11.out,0.001,0.01,20.0,64,1,32,1,0.2,0.1,SchedulerType.LINEAR,OptimizerNames.ADAMW_TORCH,True
p1_vision_d72k,food101_1000,prolosa_r2to1,42,42,72.77227722772277,73.07722772277228,48000,24000,72000,77669,149669,48000,125669,5e-2,ViT/results/p1_vision_d72k/food101_1000/prolosa_r2to1_s42.json,ViT/logs/p1_vit72k_1798690_8.out,0.001,0.01,20.0,64,1,32,1,0.2,0.1,SchedulerType.LINEAR,OptimizerNames.ADAMW_TORCH,True
p1_vision_d72k,food101_1000,prolosa_r4to1,42,42,71.95247524752475,73.57227722772276,57600,14400,72000,77669,149669,57600,135269,5e-2,ViT/results/p1_vision_d72k/food101_1000/prolosa_r4to1_s42.json,ViT/logs/p1_vit72k_1798692_9.out,0.001,0.01,20.0,64,1,32,1,0.2,0.1,SchedulerType.LINEAR,OptimizerNames.ADAMW_TORCH,True
p1_vision_d72k,food101_1000,prolosa_r8to1,42,42,72.48316831683168,73.3980198019802,64000,8000,72000,77669,149669,64000,141669,5e-2,ViT/results/p1_vision_d72k/food101_1000/prolosa_r8to1_s42.json,ViT/logs/p1_vit72k_1798693_10.out,0.001,0.01,20.0,64,1,32,1,0.2,0.1,SchedulerType.LINEAR,OptimizerNames.ADAMW_TORCH,True
p1_vision_d72k,food101_1000,unilora,42,42,72.68118811881187,73.35841584158416,72000,0,72000,77669,149669,72000,149669,5e-2,ViT/results/p1_vision_d72k/food101_1000/unilora_s42.json,ViT/logs/p1_vit72k_1798689_7.out,0.01,None,20.0,64,1,128,1,0.2,0.1,SchedulerType.LINEAR,OptimizerNames.ADAMW_TORCH,True
